0,1,2,3,4,5,6,7,8,9,10,11,12,13,14,15,16,17
2024,Delhi,BURARI AUTO UNIT - DL53( 08-APR-2016 ),1,THREE WHEELER(T),341,444,170,13,,,,,,,,,968
2024,Delhi,BURARI TAXI UNIT - DL52( 08-APR-2016 ),1,LIGHT PASSENGER VEHICLE,"1,493",630,993,317,,,,,,,,,"3,433"
2024,Delhi,DWARKA - DL9( 28-JUL-2015 ),1,FOUR WHEELER (INVALID CARRIAGE),7,4,4,4,,,,,,,,,19
2024,Delhi,DWARKA - DL9( 28-JUL-2015 ),2,LIGHT MOTOR VEHICLE,"3,597","2,832","2,531","1,834",,,,,,,,,"10,794"
2024,Delhi,DWARKA - DL9( 28-JUL-2015 ),3,THREE WHEELER(T),143,157,153,84,,,,,,,,,537
2024,Delhi,DWARKA - DL9( 28-JUL-2015 ),4,TWO WHEELER(NT),"3,962","3,267","3,398","2,412",,,,,,,,,"13,039"
2024,Delhi,I P ESTATE - DL2( 01-JUN-2015 ),1,FOUR WHEELER (INVALID CARRIAGE),2,1,1,0,,,,,,,,,4
2024,Delhi,I P ESTATE - DL2( 01-JUN-2015 ),2,LIGHT MOTOR VEHICLE,928,599,461,420,,,,,,,,,"2,408"
2024,Delhi,I P ESTATE - DL2( 01-JUN-2015 ),3,TWO WHEELER(NT),17,2,8,6,,,,,,,,,33
2024,Delhi,JANAKPURI - DL4( 24-JUL-2015 ),1,FOUR WHEELER (INVALID CARRIAGE),2,3,1,1,,,,,,,,,7
2024,Delhi,JANAKPURI - DL4( 24-JUL-2015 ),2,LIGHT MOTOR VEHICLE,"1,149","1,191","1,003",568,,,,,,,,,"3,911"
2024,Delhi,JANAKPURI - DL4( 24-JUL-2015 ),3,THREE WHEELER(T),161,192,232,131,,,,,,,,,716
2024,Delhi,JANAKPURI - DL4( 24-JUL-2015 ),4,TWO WHEELER(NT),"2,905","2,334","4,760","2,656",,,,,,,,,"12,655"
2023,Delhi,BURARI AUTO UNIT - DL53( 08-APR-2016 ),1,THREE WHEELER(T),568,531,529,406,333,326,115,156,194,438,251,382,"4,229"
2023,Delhi,BURARI TAXI UNIT - DL52( 08-APR-2016 ),1,LIGHT PASSENGER VEHICLE,262,167,"1,160",428,618,699,740,376,316,494,422,457,"6,139"
2023,Delhi,DWARKA - DL9( 28-JUL-2015 ),1,FOUR WHEELER (INVALID CARRIAGE),2,0,9,1,2,3,7,1,1,2,5,2,35
2023,Delhi,DWARKA - DL9( 28-JUL-2015 ),2,LIGHT MOTOR VEHICLE,"3,237","2,862","3,483","2,342","2,908","3,029","2,553","2,619","2,374","2,707","3,049","2,876","34,039"
2023,Delhi,DWARKA - DL9( 28-JUL-2015 ),3,THREE WHEELER(T),82,53,92,65,82,121,93,121,143,226,139,178,"1,395"
2023,Delhi,DWARKA - DL9( 28-JUL-2015 ),4,TWO WHEELER(NT),"3,599","2,880","3,184","2,702","3,551","2,991","3,218","3,644","3,406","4,395","6,104","2,704","42,378"
2023,Delhi,I P ESTATE - DL2( 01-JUN-2015 ),1,FOUR WHEELER (INVALID CARRIAGE),0,2,3,1,0,2,2,0,3,0,2,0,15
2023,Delhi,I P ESTATE - DL2( 01-JUN-2015 ),2,LIGHT MOTOR VEHICLE,737,617,719,692,780,697,648,720,653,613,722,603,"8,201"
2023,Delhi,I P ESTATE - DL2( 01-JUN-2015 ),3,TWO WHEELER(NT),4,5,9,13,17,4,6,3,17,8,4,4,94
2023,Delhi,JANAKPURI - DL4( 24-JUL-2015 ),1,FOUR WHEELER (INVALID CARRIAGE),4,1,2,4,2,8,6,2,0,1,4,5,39
2023,Delhi,JANAKPURI - DL4( 24-JUL-2015 ),2,LIGHT MOTOR VEHICLE,912,767,999,982,"1,035",878,817,844,852,"1,002","1,109","1,041","11,238"
2023,Delhi,JANAKPURI - DL4( 24-JUL-2015 ),3,THREE WHEELER(T),133,153,142,130,117,116,93,128,120,161,130,206,"1,629"
2023,Delhi,JANAKPURI - DL4( 24-JUL-2015 ),4,TWO WHEELER(NT),"2,839","2,068","2,268","2,301","2,933","2,262","2,565","2,931","2,608","2,937","4,826","1,746","32,284"
2023,Delhi,LONI ROAD - DL5( 09-SEP-2015 ),1,FOUR WHEELER (INVALID CARRIAGE),1,1,1,0,4,4,2,2,1,1,0,0,17
2023,Delhi,LONI ROAD - DL5( 09-SEP-2015 ),2,LIGHT MOTOR VEHICLE,"1,413",856,827,858,"1,196",915,794,768,780,798,"1,074",614,"10,893"
2023,Delhi,LONI ROAD - DL5( 09-SEP-2015 ),3,THREE WHEELER(T),149,185,236,176,268,408,343,378,393,368,377,367,"3,648"
2023,Delhi,LONI ROAD - DL5( 09-SEP-2015 ),4,TWO WHEELER(NT),"5,210","4,196","3,870","3,527","4,018","3,530","3,859","3,685","3,813","4,375","7,363","3,029","50,475"
2023,Delhi,MALL ROAD - DL1( 12-OCT-2015 ),1,FOUR WHEELER (INVALID CARRIAGE),0,0,0,0,1,0,2,0,0,1,1,2,7
2023,Delhi,MALL ROAD - DL1( 12-OCT-2015 ),2,LIGHT MOTOR VEHICLE,976,682,867,901,788,683,"1,011",893,"1,092",774,749,594,"10,010"
2023,Delhi,MALL ROAD - DL1( 12-OCT-2015 ),3,OTHER THAN MENTIONED ABOVE,0,0,0,0,0,0,0,13,6,0,0,0,19
2023,Delhi,MALL ROAD - DL1( 12-OCT-2015 ),4,THREE WHEELER(T),9,14,17,12,18,40,21,18,28,36,35,39,287
2023,Delhi,MALL ROAD - DL1( 12-OCT-2015 ),5,TWO WHEELER(NT),604,470,505,529,524,401,585,681,567,709,"1,092",533,"7,200"
2023,Delhi,MAYUR VIHAR  - DL7( 29-JUN-2015 ),1,LIGHT MOTOR VEHICLE,"1,338","1,025","1,204",960,"1,095","1,035","1,048","1,108","1,105","1,151","1,374","1,408","13,851"
2023,Delhi,MAYUR VIHAR  - DL7( 29-JUN-2015 ),2,THREE WHEELER(T),114,78,96,67,94,83,87,96,102,102,70,205,"1,194"
2023,Delhi,MAYUR VIHAR  - DL7( 29-JUN-2015 ),3,TWO WHEELER(NT),"2,122","1,790","1,768","1,641","1,783","1,765","1,961","1,861","1,774","2,174","3,156","1,918","23,713"
2023,Delhi,RAJOURI GARDEN - DL10( 12-AUG-2015 ),1,FOUR WHEELER (INVALID CARRIAGE),2,0,0,0,0,0,0,0,0,0,0,4,6
2023,Delhi,RAJOURI GARDEN - DL10( 12-AUG-2015 ),2,LIGHT MOTOR VEHICLE,"1,606","1,317","1,894","1,334","1,586","1,709","1,772","1,951","2,133","2,086","2,402","1,897","21,687"
2023,Delhi,RAJOURI GARDEN - DL10( 12-AUG-2015 ),3,THREE WHEELER(T),15,18,18,12,19,18,9,10,28,74,66,74,361
2023,Delhi,RAJOURI GARDEN - DL10( 12-AUG-2015 ),4,TWO WHEELER(NT),"2,122","1,783","2,035","1,990","2,511","1,901","1,890","1,772","1,865","1,949","3,310","4,120","27,248"
2023,Delhi,RAJPUR ROAD/VIU BURARI - DL51( 08-APR-2016 ),1,HEAVY GOODS VEHICLE,186,87,91,111,80,66,39,94,48,80,115,75,"1,072"
2023,Delhi,RAJPUR ROAD/VIU BURARI - DL51( 08-APR-2016 ),2,HEAVY PASSENGER VEHICLE,59,23,40,55,111,161,71,89,115,149,88,349,"1,310"
2023,Delhi,RAJPUR ROAD/VIU BURARI - DL51( 08-APR-2016 ),3,LIGHT GOODS VEHICLE,"2,256","1,554","1,598","1,727","1,455","1,216","1,222","1,426","1,374","1,437","1,466",971,"17,702"
2023,Delhi,RAJPUR ROAD/VIU BURARI - DL51( 08-APR-2016 ),4,LIGHT PASSENGER VEHICLE,127,32,36,19,18,18,34,42,32,65,80,57,560
2023,Delhi,RAJPUR ROAD/VIU BURARI - DL51( 08-APR-2016 ),5,MEDIUM GOODS VEHICLE,103,86,88,134,104,45,63,75,85,142,105,82,"1,112"
2023,Delhi,RAJPUR ROAD/VIU BURARI - DL51( 08-APR-2016 ),6,MEDIUM MOTOR VEHICLE,0,0,0,0,1,0,0,0,0,0,0,0,1
2023,Delhi,RAJPUR ROAD/VIU BURARI - DL51( 08-APR-2016 ),7,MEDIUM PASSENGER VEHICLE,0,0,1,0,7,33,31,40,12,15,11,17,167
2023,Delhi,RAJPUR ROAD/VIU BURARI - DL51( 08-APR-2016 ),8,THREE WHEELER(T),851,794,"1,283",683,618,599,798,861,839,993,686,820,"9,825"
2023,Delhi,ROHINI - DL11( 14-AUG-2015 ),1,FOUR WHEELER (INVALID CARRIAGE),0,0,0,0,0,0,0,1,0,0,0,2,3
2023,Delhi,ROHINI - DL11( 14-AUG-2015 ),2,LIGHT MOTOR VEHICLE,870,588,712,563,615,504,785,862,635,618,696,786,"8,234"
2023,Delhi,ROHINI - DL11( 14-AUG-2015 ),3,THREE WHEELER(T),297,305,382,363,248,295,279,318,325,397,373,435,"4,017"
2023,Delhi,ROHINI - DL11( 14-AUG-2015 ),4,TWO WHEELER(NT),"3,590","2,934","3,164","3,033","3,378","2,619","3,199","3,337","2,955","3,510","5,965","2,161","39,845"
2023,Delhi,SARAI KALE KHAN - DL6( 10-SEP-2015 ),1,LIGHT MOTOR VEHICLE,246,161,147,117,122,139,132,148,135,130,160,134,"1,771"
2023,Delhi,SARAI KALE KHAN - DL6( 10-SEP-2015 ),2,THREE WHEELER(T),49,60,53,35,63,53,52,86,90,97,92,103,833
2023,Delhi,SARAI KALE KHAN - DL6( 10-SEP-2015 ),3,TWO WHEELER(NT),"1,882","1,490","1,549","1,569","1,574","1,460","1,571","1,908","1,727","1,714","2,731","1,147","20,322"
2023,Delhi,SOUTH DELHI - DL3( 15-SEP-2015 ),1,FOUR WHEELER (INVALID CARRIAGE),1,1,0,1,0,2,1,0,3,0,1,1,11
2023,Delhi,SOUTH DELHI - DL3( 15-SEP-2015 ),2,LIGHT MOTOR VEHICLE,"2,238","1,894","2,335","1,916","1,985","1,846","1,768","2,026","2,208","2,169","2,271","1,971","24,627"
2023,Delhi,SOUTH DELHI - DL3( 15-SEP-2015 ),3,THREE WHEELER(NT),0,0,0,0,0,1,0,1,0,0,0,0,2
2023,Delhi,SOUTH DELHI - DL3( 15-SEP-2015 ),4,THREE WHEELER(T),83,81,61,63,67,66,42,56,80,131,71,107,908
2023,Delhi,SOUTH DELHI - DL3( 15-SEP-2015 ),5,TWO WHEELER(NT),"6,863","5,714","5,888","5,617","5,764","5,328","6,016","6,387","5,866","6,645","10,827","4,507","75,422"
2023,Delhi,SURAJMAL VIHAR - DL13( 26-JUN-2015 ),1,FOUR WHEELER (INVALID CARRIAGE),0,0,0,0,0,1,0,0,0,0,0,1,2
2023,Delhi,SURAJMAL VIHAR - DL13( 26-JUN-2015 ),2,LIGHT MOTOR VEHICLE,"1,024",848,"1,064",966,"1,087","1,007",986,976,"1,026","1,054","1,127","1,013","12,178"
2023,Delhi,SURAJMAL VIHAR - DL13( 26-JUN-2015 ),3,THREE WHEELER(T),71,76,76,57,65,93,106,112,81,67,62,56,922
2023,Delhi,SURAJMAL VIHAR - DL13( 26-JUN-2015 ),4,TWO WHEELER(NT),"2,733","2,374","2,217","2,127","2,465","2,377","2,768","2,989","3,022","3,338","5,077","2,265","33,752"
2023,Delhi,VASANT VIHAR - DL12( 01-JUN-2015 ),1,FOUR WHEELER (INVALID CARRIAGE),0,1,0,0,0,0,0,1,0,1,1,0,4
2023,Delhi,VASANT VIHAR - DL12( 01-JUN-2015 ),2,LIGHT MOTOR VEHICLE,"1,366","1,544","1,456","1,226","1,167","1,127","1,220","1,224","1,080","1,392","2,053","1,536","16,391"
2023,Delhi,VASANT VIHAR - DL12( 01-JUN-2015 ),3,TWO WHEELER(NT),786,717,728,711,804,730,853,937,864,910,"1,463",616,"10,119"
2023,Delhi,WAZIRPUR - DL8( 17-SEP-2015 ),1,FOUR WHEELER (INVALID CARRIAGE),2,2,1,1,0,1,2,0,1,1,0,0,11
2023,Delhi,WAZIRPUR - DL8( 17-SEP-2015 ),2,LIGHT MOTOR VEHICLE,"1,769","1,499","1,783","1,592","1,664","1,634","1,461","1,755","1,765","1,859","1,833","1,759","20,373"
2023,Delhi,WAZIRPUR - DL8( 17-SEP-2015 ),3,THREE WHEELER(T),399,413,438,434,311,264,235,362,336,360,344,438,"4,334"
2023,Delhi,WAZIRPUR - DL8( 17-SEP-2015 ),4,TWO WHEELER(NT),"3,626","2,983","3,216","2,838","2,979","3,046","3,065","3,227","3,392","3,573","5,303","2,493","39,741"
2022,Delhi,BURARI AUTO UNIT - DL53( 08-APR-2016 ),1,FOUR WHEELER (INVALID CARRIAGE),2,2,1,1,0,1,2,0,1,1,0,0,11
2022,Delhi,BURARI AUTO UNIT - DL53( 08-APR-2016 ),2,LIGHT MOTOR VEHICLE,"1,769","1,499","1,783","1,592","1,664","1,634","1,461","1,755","1,765","1,859","1,833","1,759","20,373"
2022,Delhi,BURARI AUTO UNIT - DL53( 08-APR-2016 ),3,THREE WHEELER(T),399,413,438,434,311,264,235,362,336,360,344,438,"4,334"
2022,Delhi,BURARI AUTO UNIT - DL53( 08-APR-2016 ),4,TWO WHEELER(NT),"3,626","2,983","3,216","2,838","2,979","3,046","3,065","3,227","3,392","3,573","5,303","2,493","39,741"
2022,Delhi,BURARI TAXI UNIT - DL52( 08-APR-2016 ),1,LIGHT PASSENGER VEHICLE,262,225,181,503,694,174,424,410,325,632,495,838,"5,163"
2022,Delhi,DWARKA - DL9( 28-JUL-2015 ),1,FOUR WHEELER (INVALID CARRIAGE),3,2,0,1,3,0,3,1,5,4,0,4,26
2022,Delhi,DWARKA - DL9( 28-JUL-2015 ),2,LIGHT MOTOR VEHICLE,"2,414","2,356","2,537","3,042","2,862","2,876","3,137","3,418","2,545","3,622","3,029","2,938","34,776"
2022,Delhi,DWARKA - DL9( 28-JUL-2015 ),3,THREE WHEELER(T),56,56,102,19,22,83,180,46,124,201,63,88,"1,040"
2022,Delhi,DWARKA - DL9( 28-JUL-2015 ),4,TWO WHEELER(NT),"2,827","3,013","3,492","3,535","2,849","2,746","3,866","3,886","2,573","5,430","4,021","2,663","40,901"
2022,Delhi,I P ESTATE - DL2( 01-JUN-2015 ),1,FOUR WHEELER (INVALID CARRIAGE),6,3,0,2,3,3,1,0,0,4,2,0,24
2022,Delhi,I P ESTATE - DL2( 01-JUN-2015 ),2,LIGHT MOTOR VEHICLE,659,640,555,632,596,569,577,579,490,730,585,621,"7,233"
2022,Delhi,I P ESTATE - DL2( 01-JUN-2015 ),3,TWO WHEELER(NT),48,289,606,708,418,186,186,184,473,"1,239",775,5,"5,117"
2022,Delhi,JANAKPURI - DL4( 24-JUL-2015 ),1,FOUR WHEELER (INVALID CARRIAGE),0,1,4,0,1,2,3,3,1,1,1,2,19
2022,Delhi,JANAKPURI - DL4( 24-JUL-2015 ),2,LIGHT MOTOR VEHICLE,478,555,844,751,670,645,627,686,688,991,753,947,"8,635"
2022,Delhi,JANAKPURI - DL4( 24-JUL-2015 ),3,THREE WHEELER(T),231,274,292,9,81,152,295,75,229,475,104,104,"2,321"
2022,Delhi,JANAKPURI - DL4( 24-JUL-2015 ),4,TWO WHEELER(NT),"2,612","2,585","3,021","3,004","2,846","2,745","3,070","3,083","2,703","5,045","3,357","1,893","35,964"
2022,Delhi,LONI ROAD - DL5( 09-SEP-2015 ),1,FOUR WHEELER (INVALID CARRIAGE),0,0,0,0,0,0,0,1,0,0,0,3,4
2022,Delhi,LONI ROAD - DL5( 09-SEP-2015 ),2,LIGHT MOTOR VEHICLE,"1,215",913,858,"1,023",976,"1,085","1,080",877,734,"1,121",946,810,"11,638"
2022,Delhi,LONI ROAD - DL5( 09-SEP-2015 ),3,THREE WHEELER(T),140,245,236,18,92,155,252,28,119,316,53,81,"1,735"
2022,Delhi,LONI ROAD - DL5( 09-SEP-2015 ),4,TWO WHEELER(NT),"3,576","3,374","3,854","4,039","4,072","3,640","4,122","4,513","3,267","6,449","6,329","2,866","50,101"
2022,Delhi,MALL ROAD - DL1( 12-OCT-2015 ),1,FOUR WHEELER (INVALID CARRIAGE),0,1,0,0,0,0,1,0,0,0,0,0,2
2022,Delhi,MALL ROAD - DL1( 12-OCT-2015 ),2,LIGHT MOTOR VEHICLE,974,769,724,794,743,756,858,778,672,847,"1,039",831,"9,785"
2022,Delhi,MALL ROAD - DL1( 12-OCT-2015 ),3,OTHER THAN MENTIONED ABOVE,0,0,0,0,0,15,0,0,0,0,0,0,15
2022,Delhi,MALL ROAD - DL1( 12-OCT-2015 ),4,THREE WHEELER(T),3,1,4,0,0,0,0,0,4,9,3,0,24
2022,Delhi,MALL ROAD - DL1( 12-OCT-2015 ),5,TWO WHEELER(NT),407,553,565,865,491,327,420,420,417,821,836,391,"6,513"
2022,Delhi,MAYUR VIHAR  - DL7( 29-JUN-2015 ),1,LIGHT MOTOR VEHICLE,897,707,817,940,"1,054","1,014","1,029","1,053",864,"1,079","1,186",995,"11,635"
2022,Delhi,MAYUR VIHAR  - DL7( 29-JUN-2015 ),2,THREE WHEELER(T),58,98,121,8,46,93,151,45,126,159,73,78,"1,056"
2022,Delhi,MAYUR VIHAR  - DL7( 29-JUN-2015 ),3,TWO WHEELER(NT),"1,314","1,411","1,482","1,599","1,661","1,686","1,828","1,769","1,348","2,670","2,762","1,274","20,804"
2022,Delhi,RAJOURI GARDEN - DL10( 12-AUG-2015 ),1,FOUR WHEELER (INVALID CARRIAGE),0,0,1,0,2,0,2,0,0,2,0,2,9
2022,Delhi,RAJOURI GARDEN - DL10( 12-AUG-2015 ),2,LIGHT MOTOR VEHICLE,"1,282","1,180","1,333","1,563","1,399","1,490","1,471","1,641","1,458","1,878","1,439","1,535","17,669"
2022,Delhi,RAJOURI GARDEN - DL10( 12-AUG-2015 ),3,THREE WHEELER(T),46,59,86,2,11,26,80,9,59,95,10,21,504
2022,Delhi,RAJOURI GARDEN - DL10( 12-AUG-2015 ),4,TWO WHEELER(NT),852,843,908,"1,190","1,099","1,116","1,073","1,094",960,"1,945","1,423","1,638","14,141"
2022,Delhi,RAJPUR ROAD/VIU BURARI - DL51( 08-APR-2016 ),1,HEAVY GOODS VEHICLE,178,170,194,193,170,161,95,101,93,74,66,79,"1,574"
2022,Delhi,RAJPUR ROAD/VIU BURARI - DL51( 08-APR-2016 ),2,HEAVY PASSENGER VEHICLE,41,117,48,165,122,82,97,88,72,76,55,44,"1,007"
2022,Delhi,RAJPUR ROAD/VIU BURARI - DL51( 08-APR-2016 ),3,LIGHT GOODS VEHICLE,"1,719","1,630","2,046","2,057","1,486","1,632","1,725","1,924","1,960","1,952","2,093","1,644","21,868"
2022,Delhi,RAJPUR ROAD/VIU BURARI - DL51( 08-APR-2016 ),4,LIGHT PASSENGER VEHICLE,21,11,8,20,10,16,34,16,22,10,11,14,193
2022,Delhi,RAJPUR ROAD/VIU BURARI - DL51( 08-APR-2016 ),5,MEDIUM GOODS VEHICLE,251,275,269,292,200,202,171,165,175,145,108,104,"2,357"
2022,Delhi,RAJPUR ROAD/VIU BURARI - DL51( 08-APR-2016 ),6,MEDIUM PASSENGER VEHICLE,0,4,15,1,0,2,0,0,0,0,0,0,22
2022,Delhi,RAJPUR ROAD/VIU BURARI - DL51( 08-APR-2016 ),7,THREE WHEELER(T),303,418,555,356,462,357,412,407,460,677,993,"1,171","6,571"
2022,Delhi,ROHINI - DL11( 14-AUG-2015 ),1,LIGHT MOTOR VEHICLE,578,531,500,883,660,628,690,695,609,731,619,575,"7,699"
2022,Delhi,ROHINI - DL11( 14-AUG-2015 ),2,THREE WHEELER(T),325,458,572,29,131,357,644,101,398,878,193,257,"4,343"
2022,Delhi,ROHINI - DL11( 14-AUG-2015 ),3,TWO WHEELER(NT),"2,341","2,618","2,689","3,267","2,901","2,679","3,077","3,017","2,494","5,664","4,009","1,884","36,640"
2022,Delhi,SARAI KALE KHAN - DL6( 10-SEP-2015 ),1,LIGHT MOTOR VEHICLE,223,207,147,96,91,88,105,87,88,87,106,138,"1,463"
2022,Delhi,SARAI KALE KHAN - DL6( 10-SEP-2015 ),2,THREE WHEELER(T),31,37,57,3,20,46,100,13,61,128,49,45,590
2022,Delhi,SARAI KALE KHAN - DL6( 10-SEP-2015 ),3,TWO WHEELER(NT),"1,311","1,332","1,313","1,789","1,540","1,379","1,591","1,536","1,335","2,731","1,922","1,058","18,837"
2022,Delhi,SOUTH DELHI - DL3( 15-SEP-2015 ),1,FOUR WHEELER (INVALID CARRIAGE),1,3,1,0,1,2,3,2,2,1,2,0,18
2022,Delhi,SOUTH DELHI - DL3( 15-SEP-2015 ),2,LIGHT MOTOR VEHICLE,"1,952","1,622","1,797","1,925","1,939","2,072","2,058","2,129","1,883","2,425","2,076","1,949","23,827"
2022,Delhi,SOUTH DELHI - DL3( 15-SEP-2015 ),3,THREE WHEELER(T),29,34,31,2,17,39,35,28,37,74,60,64,450
2022,Delhi,SOUTH DELHI - DL3( 15-SEP-2015 ),4,TWO WHEELER(NT),"4,428","4,472","5,081","5,933","5,325","5,587","5,765","6,358","4,658","9,280","8,091","3,892","68,870"
2022,Delhi,SURAJMAL VIHAR - DL13( 26-JUN-2015 ),1,FOUR WHEELER (INVALID CARRIAGE),0,2,1,0,0,0,0,1,0,2,1,0,7
2022,Delhi,SURAJMAL VIHAR - DL13( 26-JUN-2015 ),2,LIGHT MOTOR VEHICLE,562,646,726,"1,065","1,046","1,082",960,"1,036",836,"1,139",923,837,"10,858"
2022,Delhi,SURAJMAL VIHAR - DL13( 26-JUN-2015 ),3,THREE WHEELER(T),84,80,89,12,42,86,120,41,88,137,109,84,972
2022,Delhi,SURAJMAL VIHAR - DL13( 26-JUN-2015 ),4,TWO WHEELER(NT),"1,744","1,728","2,092","2,228","2,089","1,877","1,984","1,991","1,904","3,868","2,558","1,350","25,413"
2022,Delhi,VASANT VIHAR - DL12( 01-JUN-2015 ),1,FOUR WHEELER (INVALID CARRIAGE),0,0,1,1,1,0,0,0,0,1,0,0,4
2022,Delhi,VASANT VIHAR - DL12( 01-JUN-2015 ),2,LIGHT MOTOR VEHICLE,850,964,"1,026","1,139","1,064","1,133","1,586","1,471","1,353","1,561","1,331","1,263","14,741"
2022,Delhi,VASANT VIHAR - DL12( 01-JUN-2015 ),3,THREE WHEELER(T),2,0,2,0,0,1,1,0,0,0,0,0,6
2022,Delhi,VASANT VIHAR - DL12( 01-JUN-2015 ),4,TWO WHEELER(NT),549,546,733,893,663,686,738,916,686,"1,076","1,224",979,"9,689"
2022,Delhi,WAZIRPUR - DL8( 17-SEP-2015 ),1,FOUR WHEELER (INVALID CARRIAGE),3,2,5,3,2,1,0,1,0,2,2,3,24
2022,Delhi,WAZIRPUR - DL8( 17-SEP-2015 ),2,LIGHT MOTOR VEHICLE,"1,312","1,286","1,336","1,484","1,413","1,291","1,451","1,455","1,534","1,772","1,421","1,224","16,979"
2022,Delhi,WAZIRPUR - DL8( 17-SEP-2015 ),3,THREE WHEELER(T),211,241,311,10,95,211,371,82,389,786,264,413,"3,384"
2022,Delhi,WAZIRPUR - DL8( 17-SEP-2015 ),4,TWO WHEELER (INVALID CARRIAGE),0,0,0,0,1,0,0,0,0,0,0,0,1
2022,Delhi,WAZIRPUR - DL8( 17-SEP-2015 ),5,TWO WHEELER(NT),"2,605","2,650","3,035","3,172","2,942","3,042","2,936","3,106","2,595","4,487","4,386","1,882","36,838"
2021,Delhi,BURARI AUTO UNIT - DL53( 08-APR-2016 ),1,FOUR WHEELER (INVALID CARRIAGE),3,2,5,3,2,1,0,1,0,2,2,3,24
2021,Delhi,BURARI AUTO UNIT - DL53( 08-APR-2016 ),2,LIGHT MOTOR VEHICLE,"1,312","1,286","1,336","1,484","1,413","1,291","1,451","1,455","1,534","1,772","1,421","1,224","16,979"
2021,Delhi,BURARI AUTO UNIT - DL53( 08-APR-2016 ),3,THREE WHEELER(T),211,241,311,10,95,211,371,82,389,786,264,413,"3,384"
2021,Delhi,BURARI AUTO UNIT - DL53( 08-APR-2016 ),4,TWO WHEELER (INVALID CARRIAGE),0,0,0,0,1,0,0,0,0,0,0,0,1
2021,Delhi,BURARI AUTO UNIT - DL53( 08-APR-2016 ),5,TWO WHEELER(NT),"2,605","2,650","3,035","3,172","2,942","3,042","2,936","3,106","2,595","4,487","4,386","1,882","36,838"
2021,Delhi,BURARI TAXI UNIT - DL52( 08-APR-2016 ),1,FOUR WHEELER (INVALID CARRIAGE),3,2,5,3,2,1,0,1,0,2,2,3,24
2021,Delhi,BURARI TAXI UNIT - DL52( 08-APR-2016 ),2,LIGHT MOTOR VEHICLE,"1,312","1,286","1,336","1,484","1,413","1,291","1,451","1,455","1,534","1,772","1,421","1,224","16,979"
2021,Delhi,BURARI TAXI UNIT - DL52( 08-APR-2016 ),3,THREE WHEELER(T),211,241,311,10,95,211,371,82,389,786,264,413,"3,384"
2021,Delhi,BURARI TAXI UNIT - DL52( 08-APR-2016 ),4,TWO WHEELER (INVALID CARRIAGE),0,0,0,0,1,0,0,0,0,0,0,0,1
2021,Delhi,BURARI TAXI UNIT - DL52( 08-APR-2016 ),5,TWO WHEELER(NT),"2,605","2,650","3,035","3,172","2,942","3,042","2,936","3,106","2,595","4,487","4,386","1,882","36,838"
2021,Delhi,DWARKA - DL9( 28-JUL-2015 ),1,FOUR WHEELER (INVALID CARRIAGE),0,2,3,0,0,1,0,0,1,2,1,2,12
2021,Delhi,DWARKA - DL9( 28-JUL-2015 ),2,LIGHT MOTOR VEHICLE,"2,043","1,672","1,972",947,0,"1,637","1,984","1,564","1,009","2,043","1,860","2,060","18,791"
2021,Delhi,DWARKA - DL9( 28-JUL-2015 ),3,THREE WHEELER(T),81,93,75,36,0,9,37,70,60,119,105,120,805
2021,Delhi,DWARKA - DL9( 28-JUL-2015 ),4,TWO WHEELER(NT),"2,969","3,064","3,521","1,614",2,"1,959","2,915","3,034","1,927","2,805","3,932","2,322","30,064"
2021,Delhi,I P ESTATE - DL2( 01-JUN-2015 ),1,FOUR WHEELER (INVALID CARRIAGE),0,0,0,0,0,3,3,0,2,3,3,4,18
2021,Delhi,I P ESTATE - DL2( 01-JUN-2015 ),2,LIGHT MOTOR VEHICLE,"1,185",688,859,362,0,609,"1,073",779,358,558,496,669,"7,636"
2021,Delhi,I P ESTATE - DL2( 01-JUN-2015 ),3,TWO WHEELER(NT),22,1,1,3,0,6,36,29,2,4,4,3,111
2021,Delhi,JANAKPURI - DL4( 24-JUL-2015 ),1,FOUR WHEELER (INVALID CARRIAGE),0,0,0,0,0,3,0,1,1,1,1,1,8
2021,Delhi,JANAKPURI - DL4( 24-JUL-2015 ),2,LIGHT MOTOR VEHICLE,439,493,490,154,1,524,521,424,335,642,426,553,"5,002"
2021,Delhi,JANAKPURI - DL4( 24-JUL-2015 ),3,THREE WHEELER(T),185,160,233,137,0,77,202,212,333,337,366,417,"2,659"
2021,Delhi,JANAKPURI - DL4( 24-JUL-2015 ),4,TWO WHEELER(NT),"2,947","2,542","2,677","1,215",9,"1,978","2,050","2,468","1,647","2,765","3,754","1,200","25,252"
2021,Delhi,LONI ROAD - DL5( 09-SEP-2015 ),1,LIGHT MOTOR VEHICLE,"1,613","1,218","1,269",820,0,"1,250","1,254","1,159",840,964,"1,128",891,"12,406"
2021,Delhi,LONI ROAD - DL5( 09-SEP-2015 ),2,THREE WHEELER(T),218,218,251,139,0,82,200,195,227,222,235,226,"2,213"
2021,Delhi,LONI ROAD - DL5( 09-SEP-2015 ),3,TWO WHEELER(NT),"5,188","4,083","4,974","1,987",8,"3,486","3,685","3,508","2,298","3,085","4,902","2,570","39,774"
2021,Delhi,MALL ROAD - DL1( 12-OCT-2015 ),1,FOUR WHEELER (INVALID CARRIAGE),0,0,0,0,0,1,0,0,2,0,0,0,3
2021,Delhi,MALL ROAD - DL1( 12-OCT-2015 ),2,LIGHT MOTOR VEHICLE,"1,587","1,428","1,651",738,10,883,891,759,724,808,680,818,"10,977"
2021,Delhi,MALL ROAD - DL1( 12-OCT-2015 ),3,THREE WHEELER(T),2,0,2,2,0,2,1,3,5,3,5,7,32
2021,Delhi,MALL ROAD - DL1( 12-OCT-2015 ),4,TWO WHEELER (INVALID CARRIAGE),0,0,0,0,0,0,0,0,0,1,0,0,1
2021,Delhi,MALL ROAD - DL1( 12-OCT-2015 ),5,TWO WHEELER(NT),628,614,585,327,0,339,255,498,389,446,747,394,"5,222"
2021,Delhi,MAYUR VIHAR  - DL7( 29-JUN-2015 ),1,LIGHT MOTOR VEHICLE,804,726,782,437,0,911,821,638,499,473,642,694,"7,427"
2021,Delhi,MAYUR VIHAR  - DL7( 29-JUN-2015 ),2,THREE WHEELER(T),51,65,82,32,0,28,70,68,98,93,100,113,800
2021,Delhi,MAYUR VIHAR  - DL7( 29-JUN-2015 ),3,TWO WHEELER(NT),"1,135",977,"1,232",629,2,964,"1,079",905,637,987,"1,333","1,042","10,922"
2021,Delhi,RAJOURI GARDEN - DL10( 12-AUG-2015 ),1,FOUR WHEELER (INVALID CARRIAGE),4,0,1,0,0,4,1,1,2,0,0,0,13
2021,Delhi,RAJOURI GARDEN - DL10( 12-AUG-2015 ),2,LIGHT MOTOR VEHICLE,"1,332","1,345","1,467",897,7,"1,491","1,658","1,564","1,075","1,486","1,267","1,439","15,028"
2021,Delhi,RAJOURI GARDEN - DL10( 12-AUG-2015 ),3,THREE WHEELER(T),71,65,59,38,0,20,93,96,110,106,92,111,861
2021,Delhi,RAJOURI GARDEN - DL10( 12-AUG-2015 ),4,TWO WHEELER(NT),"1,370","1,234","1,481",787,0,"1,111","1,082","1,455",787,"1,191","1,613",734,"12,845"
2021,Delhi,RAJPUR ROAD/VIU BURARI - DL51( 08-APR-2016 ),1,HEAVY GOODS VEHICLE,146,147,134,81,0,120,146,91,155,146,137,128,"1,431"
2021,Delhi,RAJPUR ROAD/VIU BURARI - DL51( 08-APR-2016 ),2,HEAVY PASSENGER VEHICLE,97,0,1,1,0,25,55,10,0,3,8,76,276
2021,Delhi,RAJPUR ROAD/VIU BURARI - DL51( 08-APR-2016 ),3,LIGHT GOODS VEHICLE,"1,090","1,413","1,572",850,10,816,"1,342","1,226","1,798","1,466","1,562","1,337","14,482"
2021,Delhi,RAJPUR ROAD/VIU BURARI - DL51( 08-APR-2016 ),4,LIGHT PASSENGER VEHICLE,3,0,3,0,1,20,4,2,2,21,3,17,76
2021,Delhi,RAJPUR ROAD/VIU BURARI - DL51( 08-APR-2016 ),5,MEDIUM GOODS VEHICLE,364,323,417,191,0,189,241,99,361,309,298,284,"3,076"
2021,Delhi,RAJPUR ROAD/VIU BURARI - DL51( 08-APR-2016 ),6,MEDIUM PASSENGER VEHICLE,0,0,1,1,0,17,4,2,3,0,0,0,28
2021,Delhi,RAJPUR ROAD/VIU BURARI - DL51( 08-APR-2016 ),7,THREE WHEELER(T),147,239,277,130,0,250,330,302,354,367,396,286,"3,078"
2021,Delhi,ROHINI - DL11( 14-AUG-2015 ),1,LIGHT MOTOR VEHICLE,464,486,436,271,1,373,418,743,433,494,472,504,"5,095"
2021,Delhi,ROHINI - DL11( 14-AUG-2015 ),2,THREE WHEELER(T),227,251,377,172,0,115,353,322,463,540,526,583,"3,929"
2021,Delhi,ROHINI - DL11( 14-AUG-2015 ),3,TWO WHEELER(NT),"2,808","2,288","3,068","1,489",0,"2,474","2,485","2,452","1,744","2,795","4,239","1,812","27,654"
2021,Delhi,SARAI KALE KHAN - DL6( 10-SEP-2015 ),1,FOUR WHEELER (INVALID CARRIAGE),0,0,0,0,0,0,0,0,1,0,0,0,1
2021,Delhi,SARAI KALE KHAN - DL6( 10-SEP-2015 ),2,LIGHT MOTOR VEHICLE,606,444,527,251,0,379,765,481,258,341,314,237,"4,603"
2021,Delhi,SARAI KALE KHAN - DL6( 10-SEP-2015 ),3,THREE WHEELER(T),26,28,42,22,0,9,25,30,37,32,18,50,319
2021,Delhi,SARAI KALE KHAN - DL6( 10-SEP-2015 ),4,TWO WHEELER(NT),"1,762","1,728","2,085",852,0,"1,289","1,666","1,612",971,"1,514","2,108",967,"16,554"
2021,Delhi,SOUTH DELHI - DL3( 15-SEP-2015 ),1,FOUR WHEELER (INVALID CARRIAGE),0,1,1,0,0,2,3,2,1,0,1,1,12
2021,Delhi,SOUTH DELHI - DL3( 15-SEP-2015 ),2,LIGHT MOTOR VEHICLE,"1,794","1,725","1,929",997,0,"1,759","1,997","1,929","1,309","1,672","1,616","1,880","18,607"
2021,Delhi,SOUTH DELHI - DL3( 15-SEP-2015 ),3,THREE WHEELER(T),14,10,17,9,0,13,14,11,25,27,39,40,219
2021,Delhi,SOUTH DELHI - DL3( 15-SEP-2015 ),4,TWO WHEELER(NT),"5,488","4,975","6,111","2,757",2,"4,285","5,183","5,040","3,593","5,322","7,490","3,681","53,927"
2021,Delhi,SURAJMAL VIHAR - DL13( 26-JUN-2015 ),1,FOUR WHEELER (INVALID CARRIAGE),0,0,1,0,0,1,0,1,1,0,1,1,6
2021,Delhi,SURAJMAL VIHAR - DL13( 26-JUN-2015 ),2,LIGHT MOTOR VEHICLE,465,440,544,257,0,422,478,394,346,639,522,552,"5,059"
2021,Delhi,SURAJMAL VIHAR - DL13( 26-JUN-2015 ),3,THREE WHEELER(T),48,38,68,29,2,15,52,53,49,74,82,94,604
2021,Delhi,SURAJMAL VIHAR - DL13( 26-JUN-2015 ),4,TWO WHEELER(NT),"1,704","1,623","1,900",738,0,"1,397","1,573","1,458","1,269","2,073","2,916","1,193","17,844"
2021,Delhi,VASANT VIHAR - DL12( 01-JUN-2015 ),1,LIGHT MOTOR VEHICLE,"1,217","1,212","1,278",579,0,842,"1,008","1,002",736,"1,165",839,943,"10,821"
2021,Delhi,VASANT VIHAR - DL12( 01-JUN-2015 ),2,THREE WHEELER(T),0,0,1,0,0,0,0,0,3,5,2,1,12
2021,Delhi,VASANT VIHAR - DL12( 01-JUN-2015 ),3,TWO WHEELER(NT),522,570,697,323,0,443,542,513,315,519,780,515,"5,739"
2021,Delhi,WAZIRPUR - DL8( 17-SEP-2015 ),1,FOUR WHEELER (INVALID CARRIAGE),2,2,1,2,0,1,3,0,0,1,1,2,15
2021,Delhi,WAZIRPUR - DL8( 17-SEP-2015 ),2,LIGHT MOTOR VEHICLE,"2,346","1,974","2,194","1,309",2,"1,791","2,093","1,692","1,110","1,455","1,417","1,189","18,572"
2021,Delhi,WAZIRPUR - DL8( 17-SEP-2015 ),3,THREE WHEELER(T),170,204,259,131,0,69,208,230,266,338,279,349,"2,503"
2021,Delhi,WAZIRPUR - DL8( 17-SEP-2015 ),4,TWO WHEELER(NT),"3,123","3,084","3,524","1,509",0,"2,451","2,404","3,100","1,766","2,582","3,891","2,255","29,689"
2020,Delhi,BURARI AUTO UNIT - DL53( 08-APR-2016 ),1,FOUR WHEELER (INVALID CARRIAGE),2,2,1,2,0,1,3,0,0,1,1,2,15
2020,Delhi,BURARI AUTO UNIT - DL53( 08-APR-2016 ),2,LIGHT MOTOR VEHICLE,"2,346","1,974","2,194","1,309",2,"1,791","2,093","1,692","1,110","1,455","1,417","1,189","18,572"
2020,Delhi,BURARI AUTO UNIT - DL53( 08-APR-2016 ),3,THREE WHEELER(T),170,204,259,131,0,69,208,230,266,338,279,349,"2,503"
2020,Delhi,BURARI AUTO UNIT - DL53( 08-APR-2016 ),4,TWO WHEELER(NT),"3,123","3,084","3,524","1,509",0,"2,451","2,404","3,100","1,766","2,582","3,891","2,255","29,689"
2020,Delhi,BURARI TAXI UNIT - DL52( 08-APR-2016 ),1,LIGHT PASSENGER VEHICLE,1,0,1,2,0,0,0,0,0,0,0,0,4
2020,Delhi,BURARI TAXI UNIT - DL52( 08-APR-2016 ),2,THREE WHEELER(T),373,431,299,18,1,54,129,290,213,28,0,0,"1,836"
2020,Delhi,DWARKA - DL9( 28-JUL-2015 ),1,FOUR WHEELER (INVALID CARRIAGE),0,2,0,0,0,0,1,0,0,1,0,2,6
2020,Delhi,DWARKA - DL9( 28-JUL-2015 ),2,LIGHT MOTOR VEHICLE,"1,351","1,116",697,14,197,"1,107","1,324","1,495","1,103","2,221","2,113","1,724","14,462"
2020,Delhi,DWARKA - DL9( 28-JUL-2015 ),3,THREE WHEELER(T),184,111,71,0,2,21,19,44,24,37,74,98,685
2020,Delhi,DWARKA - DL9( 28-JUL-2015 ),4,TWO WHEELER(NT),"3,135","3,029","2,413",7,837,"2,944","2,993","2,628","2,328","3,104","4,228","1,832","29,478"
2020,Delhi,I P ESTATE - DL2( 01-JUN-2015 ),1,FOUR WHEELER (INVALID CARRIAGE),0,1,1,0,0,0,0,0,0,0,0,0,2
2020,Delhi,I P ESTATE - DL2( 01-JUN-2015 ),2,LIGHT MOTOR VEHICLE,"1,679","1,125",755,16,162,817,"1,070","1,085",752,"1,309","1,527","1,283","11,580"
2020,Delhi,I P ESTATE - DL2( 01-JUN-2015 ),3,TWO WHEELER(NT),90,112,92,46,15,35,55,28,75,43,77,112,780
2020,Delhi,JANAKPURI - DL4( 24-JUL-2015 ),1,LIGHT MOTOR VEHICLE,519,461,198,0,44,240,333,398,160,316,464,635,"3,768"
2020,Delhi,JANAKPURI - DL4( 24-JUL-2015 ),2,THREE WHEELER(T),613,532,351,0,20,128,178,162,211,239,206,182,"2,822"
2020,Delhi,JANAKPURI - DL4( 24-JUL-2015 ),3,TWO WHEELER (INVALID CARRIAGE),0,0,0,0,0,0,1,0,0,0,0,0,1
2020,Delhi,JANAKPURI - DL4( 24-JUL-2015 ),4,TWO WHEELER(NT),"4,104","2,998","2,709",62,"1,099","3,196","3,353","3,481","2,490","3,464","4,338","1,666","32,960"
2020,Delhi,LONI ROAD - DL5( 09-SEP-2015 ),1,FOUR WHEELER (INVALID CARRIAGE),0,0,0,0,0,0,1,0,0,1,0,1,3
2020,Delhi,LONI ROAD - DL5( 09-SEP-2015 ),2,LIGHT MOTOR VEHICLE,"1,375",960,635,9,199,647,813,780,624,"1,012","1,377",970,"9,401"
2020,Delhi,LONI ROAD - DL5( 09-SEP-2015 ),3,THREE WHEELER(T),374,272,171,0,6,33,91,150,86,152,230,194,"1,759"
2020,Delhi,LONI ROAD - DL5( 09-SEP-2015 ),4,TWO WHEELER (INVALID CARRIAGE),3,0,0,0,0,0,0,0,0,0,0,0,3
2020,Delhi,LONI ROAD - DL5( 09-SEP-2015 ),5,TWO WHEELER(NT),"5,831","4,120","3,467",109,"1,081","4,039","4,133","3,655","2,905","4,331","7,228","2,637","43,536"
2020,Delhi,MALL ROAD - DL1( 12-OCT-2015 ),1,FOUR WHEELER (INVALID CARRIAGE),2,0,0,0,0,0,3,2,1,1,1,1,11
2020,Delhi,MALL ROAD - DL1( 12-OCT-2015 ),2,LIGHT MOTOR VEHICLE,"1,583","1,189",779,30,233,813,"1,032","1,190","1,267","1,686","1,530","1,355","12,687"
2020,Delhi,MALL ROAD - DL1( 12-OCT-2015 ),3,MEDIUM MOTOR VEHICLE,0,3,5,0,0,0,0,0,0,0,0,0,8
2020,Delhi,MALL ROAD - DL1( 12-OCT-2015 ),4,THREE WHEELER(T),3,2,1,0,1,60,3,3,1,2,3,6,85
2020,Delhi,MALL ROAD - DL1( 12-OCT-2015 ),5,TWO WHEELER (INVALID CARRIAGE),0,0,1,0,0,0,0,0,0,0,0,0,1
2020,Delhi,MALL ROAD - DL1( 12-OCT-2015 ),6,TWO WHEELER(NT),815,"1,234","1,855",58,71,356,409,676,415,590,691,471,"7,641"
2020,Delhi,MAYUR VIHAR  - DL7( 29-JUN-2015 ),1,LIGHT MOTOR VEHICLE,726,382,308,18,75,270,346,413,317,464,606,563,"4,488"
2020,Delhi,MAYUR VIHAR  - DL7( 29-JUN-2015 ),2,THREE WHEELER(T),95,77,61,0,3,3,7,20,21,37,47,46,417
2020,Delhi,MAYUR VIHAR  - DL7( 29-JUN-2015 ),3,TWO WHEELER(NT),934,"1,215",851,42,214,916,995,"1,080",798,"1,121","1,469",621,"10,256"
2020,Delhi,RAJOURI GARDEN - DL10( 12-AUG-2015 ),1,LIGHT MOTOR VEHICLE,"1,399",945,575,17,135,414,471,631,538,"1,037","1,347","1,349","8,858"
2020,Delhi,RAJOURI GARDEN - DL10( 12-AUG-2015 ),2,THREE WHEELER(T),129,116,42,0,21,26,29,28,29,36,77,52,585
2020,Delhi,RAJOURI GARDEN - DL10( 12-AUG-2015 ),3,TWO WHEELER (INVALID CARRIAGE),1,1,1,0,0,0,0,0,0,0,0,0,3
2020,Delhi,RAJOURI GARDEN - DL10( 12-AUG-2015 ),4,TWO WHEELER(NT),"1,269","1,259",684,49,185,495,"1,066","1,130",972,"1,148","1,955",712,"10,924"
2020,Delhi,RAJPUR ROAD/VIU BURARI - DL51( 08-APR-2016 ),1,HEAVY GOODS VEHICLE,74,63,93,42,0,0,1,3,22,61,63,73,495
2020,Delhi,RAJPUR ROAD/VIU BURARI - DL51( 08-APR-2016 ),2,HEAVY PASSENGER VEHICLE,142,226,318,56,0,0,0,0,9,8,30,23,812
2020,Delhi,RAJPUR ROAD/VIU BURARI - DL51( 08-APR-2016 ),3,LIGHT GOODS VEHICLE,"1,543","1,670","1,565",523,0,4,206,302,743,"1,154","1,108",810,"9,628"
2020,Delhi,RAJPUR ROAD/VIU BURARI - DL51( 08-APR-2016 ),4,LIGHT PASSENGER VEHICLE,6,18,15,8,0,1,1,1,1,0,3,4,58
2020,Delhi,RAJPUR ROAD/VIU BURARI - DL51( 08-APR-2016 ),5,MEDIUM GOODS VEHICLE,200,215,199,43,0,0,18,34,110,178,270,234,"1,501"
2020,Delhi,RAJPUR ROAD/VIU BURARI - DL51( 08-APR-2016 ),6,MEDIUM MOTOR VEHICLE,0,0,0,0,0,0,0,0,25,0,0,0,25
2020,Delhi,RAJPUR ROAD/VIU BURARI - DL51( 08-APR-2016 ),7,MEDIUM PASSENGER VEHICLE,0,0,0,1,0,0,0,0,0,0,0,0,1
2020,Delhi,RAJPUR ROAD/VIU BURARI - DL51( 08-APR-2016 ),8,THREE WHEELER(T),250,164,63,27,6,76,96,102,123,182,194,129,"1,412"
2020,Delhi,ROHINI - DL11( 14-AUG-2015 ),1,LIGHT MOTOR VEHICLE,403,328,229,5,35,228,275,315,205,451,475,376,"3,325"
2020,Delhi,ROHINI - DL11( 14-AUG-2015 ),2,THREE WHEELER(T),280,200,107,0,15,57,66,100,103,164,266,209,"1,567"
2020,Delhi,ROHINI - DL11( 14-AUG-2015 ),3,TWO WHEELER(NT),"2,803","2,260","1,848",28,683,"1,949","2,043","1,980","1,654","2,081","4,405","1,564","23,298"
2020,Delhi,SARAI KALE KHAN - DL6( 10-SEP-2015 ),1,FOUR WHEELER (INVALID CARRIAGE),2,0,0,0,0,0,0,0,0,0,0,0,2
2020,Delhi,SARAI KALE KHAN - DL6( 10-SEP-2015 ),2,LIGHT MOTOR VEHICLE,566,351,227,0,28,238,283,320,190,479,495,479,"3,656"
2020,Delhi,SARAI KALE KHAN - DL6( 10-SEP-2015 ),3,THREE WHEELER(T),66,57,52,0,1,4,21,14,6,16,27,19,283
2020,Delhi,SARAI KALE KHAN - DL6( 10-SEP-2015 ),4,TWO WHEELER (INVALID CARRIAGE),0,0,2,0,0,0,0,0,0,0,0,0,2
2020,Delhi,SARAI KALE KHAN - DL6( 10-SEP-2015 ),5,TWO WHEELER(NT),"1,845","1,906","1,571",52,388,"1,443","1,678","1,683","1,430","1,917","2,687","1,205","17,805"
2020,Delhi,SHAKUR BASTI FITNESS CENTER - DL202( 18-JAN-2017 ),1,FOUR WHEELER (INVALID CARRIAGE),2,0,0,0,0,0,0,0,0,0,0,0,2
2020,Delhi,SHAKUR BASTI FITNESS CENTER - DL202( 18-JAN-2017 ),2,LIGHT MOTOR VEHICLE,566,351,227,0,28,238,283,320,190,479,495,479,"3,656"
2020,Delhi,SHAKUR BASTI FITNESS CENTER - DL202( 18-JAN-2017 ),3,THREE WHEELER(T),66,57,52,0,1,4,21,14,6,16,27,19,283
2020,Delhi,SHAKUR BASTI FITNESS CENTER - DL202( 18-JAN-2017 ),4,TWO WHEELER (INVALID CARRIAGE),0,0,2,0,0,0,0,0,0,0,0,0,2
2020,Delhi,SHAKUR BASTI FITNESS CENTER - DL202( 18-JAN-2017 ),5,TWO WHEELER(NT),"1,845","1,906","1,571",52,388,"1,443","1,678","1,683","1,430","1,917","2,687","1,205","17,805"
2020,Delhi,SOUTH DELHI - DL3( 15-SEP-2015 ),1,FOUR WHEELER (INVALID CARRIAGE),1,1,0,0,1,0,0,1,0,0,0,1,5
2020,Delhi,SOUTH DELHI - DL3( 15-SEP-2015 ),2,LIGHT MOTOR VEHICLE,"1,622","1,116",772,47,135,614,891,894,910,"1,623","1,907","1,576","12,107"
2020,Delhi,SOUTH DELHI - DL3( 15-SEP-2015 ),3,THREE WHEELER(T),66,64,32,2,0,1,7,10,11,9,20,31,253
2020,Delhi,SOUTH DELHI - DL3( 15-SEP-2015 ),4,TWO WHEELER(NT),"6,049","5,433","4,689",241,"1,164","4,857","4,837","4,291","4,538","4,722","7,050","4,038","51,909"
2020,Delhi,SURAJMAL VIHAR - DL13( 26-JUN-2015 ),1,FOUR WHEELER (INVALID CARRIAGE),1,0,0,0,0,0,0,0,0,0,0,0,1
2020,Delhi,SURAJMAL VIHAR - DL13( 26-JUN-2015 ),2,LIGHT MOTOR VEHICLE,562,414,228,2,74,205,271,338,212,523,527,405,"3,761"
2020,Delhi,SURAJMAL VIHAR - DL13( 26-JUN-2015 ),3,THREE WHEELER(T),75,66,47,0,4,11,18,27,19,22,35,49,373
2020,Delhi,SURAJMAL VIHAR - DL13( 26-JUN-2015 ),4,TWO WHEELER(NT),"2,264","1,670","1,142",99,431,"1,248","1,423","1,557",937,"1,634","1,941",847,"15,193"
2020,Delhi,VASANT VIHAR - DL12( 01-JUN-2015 ),1,FOUR WHEELER (INVALID CARRIAGE),2,4,0,0,0,2,0,2,0,0,1,0,11
2020,Delhi,VASANT VIHAR - DL12( 01-JUN-2015 ),2,LIGHT MOTOR VEHICLE,"1,758","1,466",971,66,252,"1,038","1,319","1,325",763,"1,450","1,720","1,262","13,390"
2020,Delhi,VASANT VIHAR - DL12( 01-JUN-2015 ),3,THREE WHEELER(T),2,1,4,0,0,0,0,0,0,0,0,1,8
2020,Delhi,VASANT VIHAR - DL12( 01-JUN-2015 ),4,TWO WHEELER (INVALID CARRIAGE),0,0,2,0,0,1,0,0,0,0,0,0,3
2020,Delhi,VASANT VIHAR - DL12( 01-JUN-2015 ),5,TWO WHEELER(NT),448,460,354,76,194,"1,052",481,537,456,521,801,544,"5,924"
2020,Delhi,WAZIRPUR - DL8( 17-SEP-2015 ),1,FOUR WHEELER (INVALID CARRIAGE),1,0,1,0,0,0,0,0,0,0,1,1,4
2020,Delhi,WAZIRPUR - DL8( 17-SEP-2015 ),2,LIGHT MOTOR VEHICLE,"2,106","1,508","1,147",72,254,980,"1,354","1,417","1,109","1,940","2,054","1,802","15,743"
2020,Delhi,WAZIRPUR - DL8( 17-SEP-2015 ),3,THREE WHEELER(T),294,258,135,0,15,32,62,92,79,147,175,161,"1,450"
2020,Delhi,WAZIRPUR - DL8( 17-SEP-2015 ),4,TWO WHEELER (INVALID CARRIAGE),1,0,0,0,0,0,0,0,0,0,0,0,1
2020,Delhi,WAZIRPUR - DL8( 17-SEP-2015 ),5,TWO WHEELER(NT),"3,059","2,539","2,061",57,744,"2,430","3,087","3,061","2,139","3,130","4,427","1,873","28,607"
2019,Delhi,BURARI AUTO UNIT - DL53( 08-APR-2016 ),1,FOUR WHEELER (INVALID CARRIAGE),1,0,1,0,0,0,0,0,0,0,1,1,4
2019,Delhi,BURARI AUTO UNIT - DL53( 08-APR-2016 ),2,LIGHT MOTOR VEHICLE,"2,106","1,508","1,147",72,254,980,"1,354","1,417","1,109","1,940","2,054","1,802","15,743"
2019,Delhi,BURARI AUTO UNIT - DL53( 08-APR-2016 ),3,THREE WHEELER(T),294,258,135,0,15,32,62,92,79,147,175,161,"1,450"
2019,Delhi,BURARI AUTO UNIT - DL53( 08-APR-2016 ),4,TWO WHEELER (INVALID CARRIAGE),1,0,0,0,0,0,0,0,0,0,0,0,1
2019,Delhi,BURARI AUTO UNIT - DL53( 08-APR-2016 ),5,TWO WHEELER(NT),"3,059","2,539","2,061",57,744,"2,430","3,087","3,061","2,139","3,130","4,427","1,873","28,607"
2019,Delhi,BURARI TAXI UNIT - DL52( 08-APR-2016 ),1,LIGHT PASSENGER VEHICLE,0,9,11,2,4,8,3,0,3,3,0,1,44
2019,Delhi,BURARI TAXI UNIT - DL52( 08-APR-2016 ),2,THREE WHEELER(T),795,666,555,468,427,384,478,496,440,594,371,389,"6,063"
2019,Delhi,DWARKA - DL9( 28-JUL-2015 ),1,FOUR WHEELER (INVALID CARRIAGE),0,0,0,0,1,1,2,0,0,0,0,0,4
2019,Delhi,DWARKA - DL9( 28-JUL-2015 ),2,LIGHT MOTOR VEHICLE,"1,689","1,390","1,496","1,548","1,340","1,312","1,133","1,047",884,"1,818",919,"1,445","16,021"
2019,Delhi,DWARKA - DL9( 28-JUL-2015 ),3,THREE WHEELER(T),146,105,120,116,128,133,169,197,247,173,244,172,"1,950"
2019,Delhi,DWARKA - DL9( 28-JUL-2015 ),4,TWO WHEELER(NT),"3,949","3,021","3,294","3,935","3,823","3,006","3,711","3,750","2,985","5,535","4,513","2,036","43,558"
2019,Delhi,I P ESTATE - DL2( 01-JUN-2015 ),1,FOUR WHEELER (INVALID CARRIAGE),0,0,0,0,0,0,0,2,1,0,1,0,4
2019,Delhi,I P ESTATE - DL2( 01-JUN-2015 ),2,LIGHT MOTOR VEHICLE,"1,173","1,060","1,092","1,185","1,050",965,919,859,744,"1,495","1,085","1,156","12,783"
2019,Delhi,I P ESTATE - DL2( 01-JUN-2015 ),3,THREE WHEELER(T),0,0,0,0,0,0,0,0,0,0,0,1,1
2019,Delhi,I P ESTATE - DL2( 01-JUN-2015 ),4,TWO WHEELER(NT),81,64,82,83,83,122,88,87,100,98,164,93,"1,145"
2019,Delhi,JANAKPURI - DL4( 24-JUL-2015 ),1,FOUR WHEELER (INVALID CARRIAGE),0,0,0,1,0,1,1,0,0,0,0,0,3
2019,Delhi,JANAKPURI - DL4( 24-JUL-2015 ),2,LIGHT MOTOR VEHICLE,721,600,755,977,650,616,572,471,531,"1,025",549,461,"7,928"
2019,Delhi,JANAKPURI - DL4( 24-JUL-2015 ),3,THREE WHEELER(T),446,363,314,388,363,343,442,517,540,645,799,555,"5,715"
2019,Delhi,JANAKPURI - DL4( 24-JUL-2015 ),4,TWO WHEELER (INVALID CARRIAGE),0,0,0,0,0,0,1,0,0,0,0,0,1
2019,Delhi,JANAKPURI - DL4( 24-JUL-2015 ),5,TWO WHEELER(NT),"4,260","3,136","3,332","4,198","3,599","3,296","3,852","3,629","3,141","6,683","5,903","2,346","47,375"
2019,Delhi,LONI ROAD - DL5( 09-SEP-2015 ),1,FOUR WHEELER (INVALID CARRIAGE),0,0,1,0,1,0,0,0,0,0,0,1,3
2019,Delhi,LONI ROAD - DL5( 09-SEP-2015 ),2,LIGHT MOTOR VEHICLE,"1,126",727,526,731,853,749,635,506,424,934,989,773,"8,973"
2019,Delhi,LONI ROAD - DL5( 09-SEP-2015 ),3,THREE WHEELER(T),364,297,271,246,301,236,274,331,327,335,331,275,"3,588"
2019,Delhi,LONI ROAD - DL5( 09-SEP-2015 ),4,TWO WHEELER (INVALID CARRIAGE),1,1,1,0,1,0,0,3,0,5,2,1,15
2019,Delhi,LONI ROAD - DL5( 09-SEP-2015 ),5,TWO WHEELER(NT),"6,833","5,454","5,749","6,540","6,825","5,868","5,633","5,125","4,446","7,870","7,408","3,165","70,916"
2019,Delhi,MALL ROAD - DL1( 12-OCT-2015 ),1,FOUR WHEELER (INVALID CARRIAGE),4,0,0,1,0,1,1,0,0,0,0,0,7
2019,Delhi,MALL ROAD - DL1( 12-OCT-2015 ),2,LIGHT MOTOR VEHICLE,"1,747","1,327","1,499","1,691","1,490","1,551","1,301","1,110","1,189","1,592","1,443","1,585","17,525"
2019,Delhi,MALL ROAD - DL1( 12-OCT-2015 ),3,LIGHT PASSENGER VEHICLE,0,0,0,0,0,0,0,0,0,1,0,0,1
2019,Delhi,MALL ROAD - DL1( 12-OCT-2015 ),4,MEDIUM MOTOR VEHICLE,0,0,0,0,0,2,0,0,0,0,0,0,2
2019,Delhi,MALL ROAD - DL1( 12-OCT-2015 ),5,THREE WHEELER(T),6,5,5,6,0,42,44,2,28,29,48,7,222
2019,Delhi,MALL ROAD - DL1( 12-OCT-2015 ),6,TWO WHEELER (INVALID CARRIAGE),1,0,0,0,0,0,0,0,0,1,0,0,2
2019,Delhi,MALL ROAD - DL1( 12-OCT-2015 ),7,TWO WHEELER(NT),910,644,957,782,790,463,630,710,696,932,"1,020",567,"9,101"
2019,Delhi,MAYUR VIHAR  - DL7( 29-JUN-2015 ),1,FOUR WHEELER (INVALID CARRIAGE),0,0,0,0,0,0,1,0,0,0,0,0,1
2019,Delhi,MAYUR VIHAR  - DL7( 29-JUN-2015 ),2,LIGHT MOTOR VEHICLE,930,600,616,501,461,383,450,419,345,675,655,435,"6,470"
2019,Delhi,MAYUR VIHAR  - DL7( 29-JUN-2015 ),3,THREE WHEELER(T),85,72,60,47,38,42,50,68,89,92,121,81,845
2019,Delhi,MAYUR VIHAR  - DL7( 29-JUN-2015 ),4,TWO WHEELER(NT),"1,988","1,763","1,850","1,915","1,490","1,649","1,395","1,411","1,091","1,958","1,534",727,"18,771"
2019,Delhi,RAJOURI GARDEN - DL10( 12-AUG-2015 ),1,FOUR WHEELER (INVALID CARRIAGE),0,1,0,0,1,3,1,0,1,1,0,1,9
2019,Delhi,RAJOURI GARDEN - DL10( 12-AUG-2015 ),2,LIGHT MOTOR VEHICLE,"1,250",955,"1,077","1,348","1,315","1,135","1,067",944,889,"1,744","1,041","1,306","14,071"
2019,Delhi,RAJOURI GARDEN - DL10( 12-AUG-2015 ),3,THREE WHEELER(T),140,127,144,135,86,128,125,187,195,146,165,123,"1,701"
2019,Delhi,RAJOURI GARDEN - DL10( 12-AUG-2015 ),4,TWO WHEELER (INVALID CARRIAGE),0,0,1,1,0,0,0,1,0,0,0,8,11
2019,Delhi,RAJOURI GARDEN - DL10( 12-AUG-2015 ),5,TWO WHEELER(NT),"1,737","1,387","1,379","1,696","1,605","1,319","1,479","1,422","1,113","1,970","1,424","1,401","17,932"
2019,Delhi,RAJPUR ROAD/VIU BURARI - DL51( 08-APR-2016 ),1,HEAVY GOODS VEHICLE,1,1,3,5,20,66,63,32,35,45,51,34,356
2019,Delhi,RAJPUR ROAD/VIU BURARI - DL51( 08-APR-2016 ),2,HEAVY PASSENGER VEHICLE,3,4,52,39,16,58,42,45,18,142,223,221,863
2019,Delhi,RAJPUR ROAD/VIU BURARI - DL51( 08-APR-2016 ),3,LIGHT GOODS VEHICLE,"1,738","1,469","1,582","1,503","1,482","1,230","1,300","1,372","1,210","1,442","1,435","1,116","16,879"
2019,Delhi,RAJPUR ROAD/VIU BURARI - DL51( 08-APR-2016 ),4,LIGHT PASSENGER VEHICLE,10,30,29,22,22,42,26,9,17,13,8,7,235
2019,Delhi,RAJPUR ROAD/VIU BURARI - DL51( 08-APR-2016 ),5,MEDIUM GOODS VEHICLE,226,210,221,228,200,135,131,143,150,173,240,128,"2,185"
2019,Delhi,RAJPUR ROAD/VIU BURARI - DL51( 08-APR-2016 ),6,MEDIUM PASSENGER VEHICLE,0,0,0,0,0,0,0,0,0,1,0,0,1
2019,Delhi,RAJPUR ROAD/VIU BURARI - DL51( 08-APR-2016 ),7,THREE WHEELER(T),266,194,215,263,205,174,197,200,218,335,226,161,"2,654"
2019,Delhi,ROHINI - DL11( 14-AUG-2015 ),1,FOUR WHEELER (INVALID CARRIAGE),1,0,0,0,0,0,0,0,0,1,0,0,2
2019,Delhi,ROHINI - DL11( 14-AUG-2015 ),2,LIGHT MOTOR VEHICLE,386,316,369,451,483,417,365,292,272,418,452,352,"4,573"
2019,Delhi,ROHINI - DL11( 14-AUG-2015 ),3,THREE WHEELER(T),190,143,173,168,154,136,128,178,184,262,228,339,"2,283"
2019,Delhi,ROHINI - DL11( 14-AUG-2015 ),4,TWO WHEELER (INVALID CARRIAGE),1,0,1,0,0,0,1,0,0,0,0,0,3
2019,Delhi,ROHINI - DL11( 14-AUG-2015 ),5,TWO WHEELER(NT),"4,128","3,503","3,336","2,850","3,464","2,724","3,153","3,111","2,623","4,386","3,503","1,723","38,504"
2019,Delhi,SARAI KALE KHAN - DL6( 10-SEP-2015 ),1,FOUR WHEELER (INVALID CARRIAGE),0,0,0,0,0,1,0,0,2,1,0,1,5
2019,Delhi,SARAI KALE KHAN - DL6( 10-SEP-2015 ),2,LIGHT MOTOR VEHICLE,771,434,409,533,401,412,415,367,304,659,449,499,"5,653"
2019,Delhi,SARAI KALE KHAN - DL6( 10-SEP-2015 ),3,THREE WHEELER(NT),0,0,0,0,0,1,1,0,0,0,0,1,3
2019,Delhi,SARAI KALE KHAN - DL6( 10-SEP-2015 ),4,THREE WHEELER(T),101,97,77,85,63,72,56,69,66,58,87,65,896
2019,Delhi,SARAI KALE KHAN - DL6( 10-SEP-2015 ),5,TWO WHEELER (INVALID CARRIAGE),0,1,0,0,0,0,2,0,0,2,1,1,7
2019,Delhi,SARAI KALE KHAN - DL6( 10-SEP-2015 ),6,TWO WHEELER(NT),"2,738","2,118","1,928","2,268","2,110","2,202","2,388","2,271","1,966","3,269","2,948","1,543","27,749"
2019,Delhi,SOUTH DELHI - DL3( 15-SEP-2015 ),1,FOUR WHEELER (INVALID CARRIAGE),1,0,0,0,0,1,1,1,0,0,0,1,5
2019,Delhi,SOUTH DELHI - DL3( 15-SEP-2015 ),2,LIGHT MOTOR VEHICLE,"1,957","1,436","1,488","1,867","1,258","1,300","1,389","1,065",918,"1,569","1,145","1,024","16,416"
2019,Delhi,SOUTH DELHI - DL3( 15-SEP-2015 ),3,THREE WHEELER(T),77,29,35,33,35,26,56,47,78,74,63,50,603
2019,Delhi,SOUTH DELHI - DL3( 15-SEP-2015 ),4,TWO WHEELER(NT),"7,554","5,498","6,474","6,068","6,453","5,760","5,855","6,559","5,700","8,429","8,951","3,773","77,074"
2019,Delhi,SURAJMAL VIHAR - DL13( 26-JUN-2015 ),1,FOUR WHEELER (INVALID CARRIAGE),1,1,0,0,0,0,0,0,0,1,0,0,3
2019,Delhi,SURAJMAL VIHAR - DL13( 26-JUN-2015 ),2,LIGHT MOTOR VEHICLE,484,396,397,497,373,320,287,309,247,622,457,487,"4,876"
2019,Delhi,SURAJMAL VIHAR - DL13( 26-JUN-2015 ),3,THREE WHEELER(T),38,40,34,45,36,38,51,52,58,79,82,76,629
2019,Delhi,SURAJMAL VIHAR - DL13( 26-JUN-2015 ),4,TWO WHEELER(NT),"2,372","2,195","2,306","2,362","2,046","1,675","2,096","2,053","1,547","2,734","1,987",866,"24,239"
2019,Delhi,VASANT VIHAR - DL12( 01-JUN-2015 ),1,FOUR WHEELER (INVALID CARRIAGE),0,0,0,0,0,0,0,1,3,1,0,0,5
2019,Delhi,VASANT VIHAR - DL12( 01-JUN-2015 ),2,LIGHT MOTOR VEHICLE,"1,230","1,186","1,327","1,262",822,981,"1,080",964,"1,039","2,059","1,297","1,725","14,972"
2019,Delhi,VASANT VIHAR - DL12( 01-JUN-2015 ),3,THREE WHEELER(T),2,3,1,6,2,0,0,4,0,1,0,1,20
2019,Delhi,VASANT VIHAR - DL12( 01-JUN-2015 ),4,TWO WHEELER (INVALID CARRIAGE),0,0,0,0,0,0,0,0,0,0,0,2,2
2019,Delhi,VASANT VIHAR - DL12( 01-JUN-2015 ),5,TWO WHEELER(NT),645,474,454,526,699,437,607,541,621,746,602,630,"6,982"
2019,Delhi,WAZIRPUR - DL8( 17-SEP-2015 ),1,FOUR WHEELER (INVALID CARRIAGE),3,0,0,0,1,1,1,0,0,1,0,1,8
2019,Delhi,WAZIRPUR - DL8( 17-SEP-2015 ),2,LIGHT MOTOR VEHICLE,"2,309","1,672","2,084","2,333","2,033","1,752","1,645","1,323","1,303","2,180","1,645","1,895","22,174"
2019,Delhi,WAZIRPUR - DL8( 17-SEP-2015 ),3,THREE WHEELER(T),259,196,214,197,223,193,232,293,354,351,427,315,"3,254"
2019,Delhi,WAZIRPUR - DL8( 17-SEP-2015 ),4,TWO WHEELER (INVALID CARRIAGE),1,0,2,1,0,0,0,12,1,0,0,2,19
2019,Delhi,WAZIRPUR - DL8( 17-SEP-2015 ),5,TWO WHEELER(NT),"3,826","3,168","3,759","4,704","4,973","3,994","4,115","3,781","2,860","5,076","4,426","1,940","46,622"
2018,Delhi,BURARI AUTO UNIT - DL53( 08-APR-2016 ),1,FOUR WHEELER (INVALID CARRIAGE),3,0,0,0,1,1,1,0,0,1,0,1,8
2018,Delhi,BURARI AUTO UNIT - DL53( 08-APR-2016 ),2,LIGHT MOTOR VEHICLE,"2,309","1,672","2,084","2,333","2,033","1,752","1,645","1,323","1,303","2,180","1,645","1,895","22,174"
2018,Delhi,BURARI AUTO UNIT - DL53( 08-APR-2016 ),3,THREE WHEELER(T),259,196,214,197,223,193,232,293,354,351,427,315,"3,254"
2018,Delhi,BURARI AUTO UNIT - DL53( 08-APR-2016 ),4,TWO WHEELER (INVALID CARRIAGE),1,0,2,1,0,0,0,12,1,0,0,2,19
2018,Delhi,BURARI AUTO UNIT - DL53( 08-APR-2016 ),5,TWO WHEELER(NT),"3,826","3,168","3,759","4,704","4,973","3,994","4,115","3,781","2,860","5,076","4,426","1,940","46,622"
2018,Delhi,BURARI TAXI UNIT - DL52( 08-APR-2016 ),1,FOUR WHEELER (INVALID CARRIAGE),3,0,0,0,1,1,1,0,0,1,0,1,8
2018,Delhi,BURARI TAXI UNIT - DL52( 08-APR-2016 ),2,LIGHT MOTOR VEHICLE,"2,309","1,672","2,084","2,333","2,033","1,752","1,645","1,323","1,303","2,180","1,645","1,895","22,174"
2018,Delhi,BURARI TAXI UNIT - DL52( 08-APR-2016 ),3,THREE WHEELER(T),259,196,214,197,223,193,232,293,354,351,427,315,"3,254"
2018,Delhi,BURARI TAXI UNIT - DL52( 08-APR-2016 ),4,TWO WHEELER (INVALID CARRIAGE),1,0,2,1,0,0,0,12,1,0,0,2,19
2018,Delhi,BURARI TAXI UNIT - DL52( 08-APR-2016 ),5,TWO WHEELER(NT),"3,826","3,168","3,759","4,704","4,973","3,994","4,115","3,781","2,860","5,076","4,426","1,940","46,622"
2018,Delhi,DWARKA - DL9( 28-JUL-2015 ),1,FOUR WHEELER (INVALID CARRIAGE),1,0,1,0,0,1,2,0,0,1,0,1,7
2018,Delhi,DWARKA - DL9( 28-JUL-2015 ),2,LIGHT MOTOR VEHICLE,"1,694","1,436","1,667","1,256","1,242","1,439","1,305","1,158",839,"1,136","1,271","1,952","16,395"
2018,Delhi,DWARKA - DL9( 28-JUL-2015 ),3,THREE WHEELER(T),237,195,167,172,198,285,290,319,352,309,220,146,"2,890"
2018,Delhi,DWARKA - DL9( 28-JUL-2015 ),4,TWO WHEELER (INVALID CARRIAGE),0,1,0,1,0,0,0,0,0,0,0,0,2
2018,Delhi,DWARKA - DL9( 28-JUL-2015 ),5,TWO WHEELER(NT),"4,614","3,322","3,584","3,955","3,958","3,383","3,953","4,500","3,490","3,992","6,023","2,435","47,209"
2018,Delhi,I P ESTATE - DL2( 01-JUN-2015 ),1,FOUR WHEELER (INVALID CARRIAGE),0,0,0,0,0,0,0,0,0,0,0,1,1
2018,Delhi,I P ESTATE - DL2( 01-JUN-2015 ),2,LIGHT MOTOR VEHICLE,"1,543","1,422","1,610","1,368","1,234","1,226","1,086","1,097",877,"1,161","1,337","1,440","15,401"
2018,Delhi,I P ESTATE - DL2( 01-JUN-2015 ),3,THREE WHEELER(NT),0,1,0,0,0,0,0,0,0,0,0,0,1
2018,Delhi,I P ESTATE - DL2( 01-JUN-2015 ),4,THREE WHEELER(T),4,4,1,2,0,0,0,0,1,1,0,0,13
2018,Delhi,I P ESTATE - DL2( 01-JUN-2015 ),5,TWO WHEELER(NT),79,64,62,95,347,282,444,556,469,366,183,87,"3,034"
2018,Delhi,JANAKPURI - DL4( 24-JUL-2015 ),1,FOUR WHEELER (INVALID CARRIAGE),0,0,0,0,0,0,0,0,0,0,1,1,2
2018,Delhi,JANAKPURI - DL4( 24-JUL-2015 ),2,LIGHT MOTOR VEHICLE,451,438,507,521,477,640,527,651,510,680,669,915,"6,986"
2018,Delhi,JANAKPURI - DL4( 24-JUL-2015 ),3,THREE WHEELER(T),124,100,54,46,60,49,66,110,166,267,212,418,"1,672"
2018,Delhi,JANAKPURI - DL4( 24-JUL-2015 ),4,TWO WHEELER (INVALID CARRIAGE),0,0,0,0,0,0,0,2,1,0,0,0,3
2018,Delhi,JANAKPURI - DL4( 24-JUL-2015 ),5,TWO WHEELER(NT),"3,193","2,396","2,853","2,560","4,050","3,611","4,272","4,396","3,343","4,214","6,641","2,208","43,737"
2018,Delhi,LONI ROAD - DL5( 09-SEP-2015 ),1,FOUR WHEELER (INVALID CARRIAGE),0,1,0,0,1,0,0,1,1,0,0,0,4
2018,Delhi,LONI ROAD - DL5( 09-SEP-2015 ),2,LIGHT MOTOR VEHICLE,998,647,843,681,649,556,621,501,500,548,787,711,"8,042"
2018,Delhi,LONI ROAD - DL5( 09-SEP-2015 ),3,THREE WHEELER(T),348,254,276,292,240,158,225,246,297,279,275,259,"3,149"
2018,Delhi,LONI ROAD - DL5( 09-SEP-2015 ),4,TWO WHEELER (INVALID CARRIAGE),0,0,0,0,1,0,0,0,0,1,0,0,2
2018,Delhi,LONI ROAD - DL5( 09-SEP-2015 ),5,TWO WHEELER(NT),"7,662","5,662","6,040","6,585","6,033","5,158","6,285","6,586","5,422","6,199","10,462","3,850","75,944"
2018,Delhi,MALL ROAD - DL1( 12-OCT-2015 ),1,FOUR WHEELER (INVALID CARRIAGE),4,2,1,1,1,2,2,2,0,2,4,2,23
2018,Delhi,MALL ROAD - DL1( 12-OCT-2015 ),2,LIGHT MOTOR VEHICLE,"1,965","1,606","1,800","1,612","1,742","1,767","1,545","1,601","1,501","1,515","1,580","1,788","20,022"
2018,Delhi,MALL ROAD - DL1( 12-OCT-2015 ),3,LIGHT PASSENGER VEHICLE,0,0,0,0,1,1,1,0,0,0,0,0,3
2018,Delhi,MALL ROAD - DL1( 12-OCT-2015 ),4,MEDIUM MOTOR VEHICLE,0,0,0,4,0,0,0,0,0,0,9,8,21
2018,Delhi,MALL ROAD - DL1( 12-OCT-2015 ),5,THREE WHEELER(T),117,76,74,76,66,48,80,113,88,84,91,44,957
2018,Delhi,MALL ROAD - DL1( 12-OCT-2015 ),6,TWO WHEELER (INVALID CARRIAGE),0,0,1,2,1,0,0,0,1,2,0,0,7
2018,Delhi,MALL ROAD - DL1( 12-OCT-2015 ),7,TWO WHEELER(NT),"1,417","1,152","1,388","1,128","1,167",929,"1,135","1,171","1,215","1,065","1,267",828,"13,862"
2018,Delhi,MAYUR VIHAR  - DL7( 29-JUN-2015 ),1,FOUR WHEELER (INVALID CARRIAGE),0,0,0,0,0,0,0,0,1,0,0,0,1
2018,Delhi,MAYUR VIHAR  - DL7( 29-JUN-2015 ),2,LIGHT MOTOR VEHICLE,717,359,413,409,365,399,511,463,400,472,667,777,"5,952"
2018,Delhi,MAYUR VIHAR  - DL7( 29-JUN-2015 ),3,THREE WHEELER(T),134,108,90,107,80,82,69,87,152,175,144,122,"1,350"
2018,Delhi,MAYUR VIHAR  - DL7( 29-JUN-2015 ),4,TWO WHEELER(NT),"2,612","2,031","2,580","2,310","2,493","2,181","2,567","2,321","1,909","2,136","2,965","1,508","27,613"
2018,Delhi,RAJOURI GARDEN - DL10( 12-AUG-2015 ),1,FOUR WHEELER (INVALID CARRIAGE),0,0,0,0,1,0,0,0,0,0,0,2,3
2018,Delhi,RAJOURI GARDEN - DL10( 12-AUG-2015 ),2,LIGHT MOTOR VEHICLE,"1,917","1,171","1,411","1,226","1,086","1,431","1,082",842,629,916,952,"1,330","13,993"
2018,Delhi,RAJOURI GARDEN - DL10( 12-AUG-2015 ),3,THREE WHEELER(T),83,61,43,59,32,35,45,92,122,96,88,92,848
2018,Delhi,RAJOURI GARDEN - DL10( 12-AUG-2015 ),4,TWO WHEELER(NT),"2,407","1,953","2,223","2,164","2,082","1,785","1,528","1,576","1,496","1,482","2,168",759,"21,623"
2018,Delhi,RAJPUR ROAD/VIU BURARI - DL51( 08-APR-2016 ),1,HEAVY GOODS VEHICLE,111,27,16,57,24,23,6,69,15,33,3,3,387
2018,Delhi,RAJPUR ROAD/VIU BURARI - DL51( 08-APR-2016 ),2,HEAVY PASSENGER VEHICLE,20,23,28,41,43,87,47,40,20,10,9,4,372
2018,Delhi,RAJPUR ROAD/VIU BURARI - DL51( 08-APR-2016 ),3,LIGHT GOODS VEHICLE,"1,544","1,446","1,353","1,513","1,248","1,066","1,190","1,256","1,555","1,899","1,628","1,517","17,215"
2018,Delhi,RAJPUR ROAD/VIU BURARI - DL51( 08-APR-2016 ),4,LIGHT PASSENGER VEHICLE,53,26,26,29,32,34,64,24,12,5,17,28,350
2018,Delhi,RAJPUR ROAD/VIU BURARI - DL51( 08-APR-2016 ),5,MEDIUM GOODS VEHICLE,125,123,129,185,125,119,146,132,160,213,114,222,"1,793"
2018,Delhi,RAJPUR ROAD/VIU BURARI - DL51( 08-APR-2016 ),6,MEDIUM PASSENGER VEHICLE,0,0,0,0,0,0,0,0,0,0,0,1,1
2018,Delhi,RAJPUR ROAD/VIU BURARI - DL51( 08-APR-2016 ),7,THREE WHEELER(T),122,114,153,134,125,114,151,175,175,233,209,162,"1,867"
2018,Delhi,ROHINI - DL11( 14-AUG-2015 ),1,FOUR WHEELER (INVALID CARRIAGE),0,0,0,0,2,0,0,0,1,0,0,0,3
2018,Delhi,ROHINI - DL11( 14-AUG-2015 ),2,LIGHT MOTOR VEHICLE,331,266,265,242,254,275,355,277,256,270,302,522,"3,615"
2018,Delhi,ROHINI - DL11( 14-AUG-2015 ),3,THREE WHEELER(T),437,283,315,298,293,241,360,379,441,482,365,244,"4,138"
2018,Delhi,ROHINI - DL11( 14-AUG-2015 ),4,TWO WHEELER (INVALID CARRIAGE),0,0,0,0,0,0,0,1,0,0,1,0,2
2018,Delhi,ROHINI - DL11( 14-AUG-2015 ),5,TWO WHEELER(NT),"4,706","3,305","3,581","3,589","3,421","2,784","3,222","3,693","2,569","3,007","4,978","2,509","41,364"
2018,Delhi,SARAI KALE KHAN - DL6( 10-SEP-2015 ),1,FOUR WHEELER (INVALID CARRIAGE),2,0,2,0,2,1,1,0,0,0,1,0,9
2018,Delhi,SARAI KALE KHAN - DL6( 10-SEP-2015 ),2,LIGHT MOTOR VEHICLE,608,615,602,622,529,486,467,494,498,624,774,939,"7,258"
2018,Delhi,SARAI KALE KHAN - DL6( 10-SEP-2015 ),3,THREE WHEELER(T),81,33,69,61,82,46,75,72,100,80,80,53,832
2018,Delhi,SARAI KALE KHAN - DL6( 10-SEP-2015 ),4,TWO WHEELER (INVALID CARRIAGE),0,0,0,0,0,0,0,0,1,0,2,0,3
2018,Delhi,SARAI KALE KHAN - DL6( 10-SEP-2015 ),5,TWO WHEELER(NT),"2,492","2,356","2,614","3,113","2,576","2,168","2,092","2,174","1,768","2,114","3,434","1,745","28,646"
2018,Delhi,SOUTH DELHI - DL3( 15-SEP-2015 ),1,FOUR WHEELER (INVALID CARRIAGE),1,2,0,3,1,1,0,0,0,0,0,0,8
2018,Delhi,SOUTH DELHI - DL3( 15-SEP-2015 ),2,LIGHT MOTOR VEHICLE,"1,863","1,460","1,585","1,473","1,673","1,597","1,420","1,599","1,150","1,327","1,528","1,861","18,536"
2018,Delhi,SOUTH DELHI - DL3( 15-SEP-2015 ),3,THREE WHEELER(NT),0,0,0,1,0,0,0,0,0,0,0,0,1
2018,Delhi,SOUTH DELHI - DL3( 15-SEP-2015 ),4,THREE WHEELER(T),102,89,62,122,71,43,91,116,146,180,113,107,"1,242"
2018,Delhi,SOUTH DELHI - DL3( 15-SEP-2015 ),5,TWO WHEELER (INVALID CARRIAGE),0,0,0,0,0,0,0,0,0,0,0,1,1
2018,Delhi,SOUTH DELHI - DL3( 15-SEP-2015 ),6,TWO WHEELER(NT),"7,359","6,430","7,015","7,252","7,132","7,185","7,712","7,904","7,097","7,215","10,853","5,682","88,836"
2018,Delhi,SURAJMAL VIHAR - DL13( 26-JUN-2015 ),1,FOUR WHEELER (INVALID CARRIAGE),0,1,0,1,0,1,0,1,0,0,0,1,5
2018,Delhi,SURAJMAL VIHAR - DL13( 26-JUN-2015 ),2,LIGHT MOTOR VEHICLE,562,478,488,414,349,400,371,323,265,350,379,441,"4,820"
2018,Delhi,SURAJMAL VIHAR - DL13( 26-JUN-2015 ),3,THREE WHEELER(T),66,79,72,67,64,57,82,74,73,122,81,49,886
2018,Delhi,SURAJMAL VIHAR - DL13( 26-JUN-2015 ),4,TWO WHEELER(NT),"2,754","2,162","2,428","2,490","2,232","2,573","2,550","2,194","1,792","2,322","3,257","1,344","28,098"
2018,Delhi,VASANT VIHAR - DL12( 01-JUN-2015 ),1,FOUR WHEELER (INVALID CARRIAGE),0,1,0,0,1,0,0,0,2,0,0,0,4
2018,Delhi,VASANT VIHAR - DL12( 01-JUN-2015 ),2,LIGHT MOTOR VEHICLE,"1,637","1,260","1,291","1,260","1,183","1,287","1,272","1,179",933,"1,286","1,428","1,773","15,789"
2018,Delhi,VASANT VIHAR - DL12( 01-JUN-2015 ),3,THREE WHEELER(NT),0,0,0,0,0,0,1,0,0,0,0,0,1
2018,Delhi,VASANT VIHAR - DL12( 01-JUN-2015 ),4,THREE WHEELER(T),11,3,8,3,5,7,5,3,3,21,9,2,80
2018,Delhi,VASANT VIHAR - DL12( 01-JUN-2015 ),5,TWO WHEELER(NT),"1,630","1,063",815,"1,034",927,888,"1,459","1,326",858,"1,237","1,645",462,"13,344"
2018,Delhi,WAZIRPUR - DL8( 17-SEP-2015 ),1,FOUR WHEELER (INVALID CARRIAGE),2,2,1,2,1,1,4,2,1,0,1,3,20
2018,Delhi,WAZIRPUR - DL8( 17-SEP-2015 ),2,LIGHT MOTOR VEHICLE,"3,291","2,450","2,620","2,331","2,735","2,603","2,352","2,255","1,859","2,254","2,704","2,329","29,783"
2018,Delhi,WAZIRPUR - DL8( 17-SEP-2015 ),3,THREE WHEELER(T),187,151,148,159,146,155,162,230,231,237,189,235,"2,230"
2018,Delhi,WAZIRPUR - DL8( 17-SEP-2015 ),4,TWO WHEELER (INVALID CARRIAGE),0,0,0,1,0,3,1,9,0,0,2,0,16
2018,Delhi,WAZIRPUR - DL8( 17-SEP-2015 ),5,TWO WHEELER(NT),"5,199","4,450","4,288","4,919","5,105","4,876","5,279","5,715","4,335","5,595","8,754","2,120","60,635"
2017,Delhi,BURARI AUTO UNIT - DL53( 08-APR-2016 ),1,FOUR WHEELER (INVALID CARRIAGE),2,2,1,2,1,1,4,2,1,0,1,3,20
2017,Delhi,BURARI AUTO UNIT - DL53( 08-APR-2016 ),2,LIGHT MOTOR VEHICLE,"3,291","2,450","2,620","2,331","2,735","2,603","2,352","2,255","1,859","2,254","2,704","2,329","29,783"
2017,Delhi,BURARI AUTO UNIT - DL53( 08-APR-2016 ),3,THREE WHEELER(T),187,151,148,159,146,155,162,230,231,237,189,235,"2,230"
2017,Delhi,BURARI AUTO UNIT - DL53( 08-APR-2016 ),4,TWO WHEELER (INVALID CARRIAGE),0,0,0,1,0,3,1,9,0,0,2,0,16
2017,Delhi,BURARI AUTO UNIT - DL53( 08-APR-2016 ),5,TWO WHEELER(NT),"5,199","4,450","4,288","4,919","5,105","4,876","5,279","5,715","4,335","5,595","8,754","2,120","60,635"
2017,Delhi,BURARI TAXI UNIT - DL52( 08-APR-2016 ),1,LIGHT PASSENGER VEHICLE,0,0,0,0,0,0,1,9,28,42,77,45,202
2017,Delhi,BURARI TAXI UNIT - DL52( 08-APR-2016 ),2,THREE WHEELER(T),511,409,381,361,440,340,367,724,625,340,"2,409","2,110","9,017"
2017,Delhi,DWARKA - DL9( 28-JUL-2015 ),1,FOUR WHEELER (INVALID CARRIAGE),0,0,0,0,0,0,0,0,0,0,0,1,1
2017,Delhi,DWARKA - DL9( 28-JUL-2015 ),2,LIGHT MOTOR VEHICLE,"1,473","1,461","1,654","1,620","1,674","2,214","1,588","1,556","1,799","1,828","1,508","1,860","20,235"
2017,Delhi,DWARKA - DL9( 28-JUL-2015 ),3,THREE WHEELER(T),213,234,270,122,186,169,228,247,206,265,304,219,"2,663"
2017,Delhi,DWARKA - DL9( 28-JUL-2015 ),4,TWO WHEELER (INVALID CARRIAGE),0,0,0,0,0,0,0,1,0,0,0,0,1
2017,Delhi,DWARKA - DL9( 28-JUL-2015 ),5,TWO WHEELER(NT),"4,232","3,421","3,691","3,721","3,564","3,421","4,210","3,907","3,544","6,160","5,055","2,191","47,117"
2017,Delhi,I P ESTATE - DL2( 01-JUN-2015 ),1,LIGHT MOTOR VEHICLE,"1,717","1,741","1,252","1,212","1,406","1,477","1,271","1,158","1,337","1,391","1,250","1,208","16,420"
2017,Delhi,I P ESTATE - DL2( 01-JUN-2015 ),2,THREE WHEELER(NT),0,0,4,0,0,0,0,0,0,0,0,0,4
2017,Delhi,I P ESTATE - DL2( 01-JUN-2015 ),3,THREE WHEELER(T),4,6,1,4,5,5,0,2,3,1,0,3,34
2017,Delhi,I P ESTATE - DL2( 01-JUN-2015 ),4,TWO WHEELER(NT),"1,427","1,473",482,95,339,225,203,164,68,66,82,63,"4,687"
2017,Delhi,JANAKPURI - DL4( 24-JUL-2015 ),1,LIGHT MOTOR VEHICLE,817,652,709,527,470,584,412,434,518,528,380,516,"6,547"
2017,Delhi,JANAKPURI - DL4( 24-JUL-2015 ),2,THREE WHEELER(T),177,168,165,181,163,153,185,170,153,23,89,98,"1,725"
2017,Delhi,JANAKPURI - DL4( 24-JUL-2015 ),3,TWO WHEELER(NT),"3,245","2,709","2,517","3,021","2,780","2,564","2,588","2,717","3,134","5,874","2,573","1,350","35,072"
2017,Delhi,LONI ROAD - DL5( 09-SEP-2015 ),1,LIGHT MOTOR VEHICLE,998,933,746,565,655,624,700,566,670,760,799,484,"8,500"
2017,Delhi,LONI ROAD - DL5( 09-SEP-2015 ),2,THREE WHEELER(T),298,237,200,194,235,230,248,145,221,63,112,223,"2,406"
2017,Delhi,LONI ROAD - DL5( 09-SEP-2015 ),3,TWO WHEELER (INVALID CARRIAGE),0,0,0,1,0,0,0,0,0,0,0,0,1
2017,Delhi,LONI ROAD - DL5( 09-SEP-2015 ),4,TWO WHEELER(NT),"6,378","5,344","5,727","5,609","5,432","5,097","5,941","5,188","4,663","9,856","7,401","2,794","69,430"
2017,Delhi,MALL ROAD - DL1( 12-OCT-2015 ),1,FOUR WHEELER (INVALID CARRIAGE),11,6,10,8,7,5,4,7,7,5,2,2,74
2017,Delhi,MALL ROAD - DL1( 12-OCT-2015 ),2,LIGHT MOTOR VEHICLE,"2,500","2,195","2,375","2,043","1,887","2,287","1,801","1,445","1,470","1,619","1,482","1,598","22,702"
2017,Delhi,MALL ROAD - DL1( 12-OCT-2015 ),3,LIGHT PASSENGER VEHICLE,1,1,1,0,0,0,0,0,0,0,0,0,3
2017,Delhi,MALL ROAD - DL1( 12-OCT-2015 ),4,MEDIUM MOTOR VEHICLE,0,0,0,0,0,0,0,1,0,0,0,0,1
2017,Delhi,MALL ROAD - DL1( 12-OCT-2015 ),5,THREE WHEELER(T),86,77,103,90,110,66,89,49,89,77,136,42,"1,014"
2017,Delhi,MALL ROAD - DL1( 12-OCT-2015 ),6,TWO WHEELER (INVALID CARRIAGE),2,7,2,2,4,2,1,0,3,1,0,1,25
2017,Delhi,MALL ROAD - DL1( 12-OCT-2015 ),7,TWO WHEELER(NT),"2,028","1,463","2,039","2,050","1,631","1,623","2,221","1,468","1,409","1,988","1,998","1,032","20,950"
2017,Delhi,MAYUR VIHAR  - DL7( 29-JUN-2015 ),1,FOUR WHEELER (INVALID CARRIAGE),0,0,0,0,0,0,1,0,0,0,0,0,1
2017,Delhi,MAYUR VIHAR  - DL7( 29-JUN-2015 ),2,LIGHT MOTOR VEHICLE,503,396,434,360,303,580,349,332,474,474,376,347,"4,928"
2017,Delhi,MAYUR VIHAR  - DL7( 29-JUN-2015 ),3,THREE WHEELER(T),62,68,42,29,65,44,71,57,55,83,114,64,754
2017,Delhi,MAYUR VIHAR  - DL7( 29-JUN-2015 ),4,TWO WHEELER (INVALID CARRIAGE),0,0,0,0,0,0,0,1,0,0,0,0,1
2017,Delhi,MAYUR VIHAR  - DL7( 29-JUN-2015 ),5,TWO WHEELER(NT),"2,546","2,375","2,341","2,531","2,261","2,670","2,167","2,077","1,896","3,660","2,214","1,847","28,585"
2017,Delhi,RAJOURI GARDEN - DL10( 12-AUG-2015 ),1,FOUR WHEELER (INVALID CARRIAGE),0,0,0,0,0,0,0,0,0,0,1,0,1
2017,Delhi,RAJOURI GARDEN - DL10( 12-AUG-2015 ),2,LIGHT MOTOR VEHICLE,"1,197","1,192","1,325","1,222","1,249","1,759","1,403","1,503","1,412","1,478","1,218","1,677","16,635"
2017,Delhi,RAJOURI GARDEN - DL10( 12-AUG-2015 ),3,THREE WHEELER(T),76,85,64,57,60,74,78,89,77,45,85,95,885
2017,Delhi,RAJOURI GARDEN - DL10( 12-AUG-2015 ),4,TWO WHEELER(NT),"1,474","1,046","1,829","1,618","1,640","1,891","1,651","1,423","1,907","2,704","2,989","1,265","21,437"
2017,Delhi,RAJPUR ROAD/VIU BURARI - DL51( 08-APR-2016 ),1,HEAVY GOODS VEHICLE,4,1,35,16,5,37,21,49,57,29,66,62,382
2017,Delhi,RAJPUR ROAD/VIU BURARI - DL51( 08-APR-2016 ),2,HEAVY PASSENGER VEHICLE,43,52,104,114,57,86,115,38,24,21,17,15,686
2017,Delhi,RAJPUR ROAD/VIU BURARI - DL51( 08-APR-2016 ),3,LIGHT GOODS VEHICLE,887,"1,024","1,140",900,961,891,837,880,"1,019","1,334","1,329",980,"12,182"
2017,Delhi,RAJPUR ROAD/VIU BURARI - DL51( 08-APR-2016 ),4,LIGHT PASSENGER VEHICLE,47,38,63,47,29,44,47,25,36,26,24,21,447
2017,Delhi,RAJPUR ROAD/VIU BURARI - DL51( 08-APR-2016 ),5,MEDIUM GOODS VEHICLE,19,63,63,58,54,68,50,86,67,123,109,104,864
2017,Delhi,RAJPUR ROAD/VIU BURARI - DL51( 08-APR-2016 ),6,MEDIUM PASSENGER VEHICLE,0,0,6,1,0,0,0,0,0,0,0,0,7
2017,Delhi,RAJPUR ROAD/VIU BURARI - DL51( 08-APR-2016 ),7,THREE WHEELER(T),323,499,988,90,79,66,83,81,79,88,122,48,"2,546"
2017,Delhi,ROHINI - DL11( 14-AUG-2015 ),1,FOUR WHEELER (INVALID CARRIAGE),0,0,0,0,0,0,0,0,1,0,0,0,1
2017,Delhi,ROHINI - DL11( 14-AUG-2015 ),2,LIGHT MOTOR VEHICLE,183,159,201,121,171,210,172,151,225,238,263,233,"2,327"
2017,Delhi,ROHINI - DL11( 14-AUG-2015 ),3,THREE WHEELER(T),366,343,344,316,246,232,293,336,386,294,486,362,"4,004"
2017,Delhi,ROHINI - DL11( 14-AUG-2015 ),4,TWO WHEELER (INVALID CARRIAGE),0,0,0,0,0,0,0,0,0,0,2,0,2
2017,Delhi,ROHINI - DL11( 14-AUG-2015 ),5,TWO WHEELER(NT),"3,224","2,972","3,434","2,697","3,060","2,729","3,135","3,104","3,027","7,700","4,361","1,786","41,229"
2017,Delhi,SARAI KALE KHAN - DL6( 10-SEP-2015 ),1,LIGHT MOTOR VEHICLE,"1,055",603,815,737,625,885,488,531,669,711,548,544,"8,211"
2017,Delhi,SARAI KALE KHAN - DL6( 10-SEP-2015 ),2,THREE WHEELER(T),109,101,114,58,105,65,66,69,53,51,102,44,937
2017,Delhi,SARAI KALE KHAN - DL6( 10-SEP-2015 ),3,TWO WHEELER(NT),"1,887","1,797","2,022","2,545","2,297","2,059","1,951","2,017","2,308","3,790","2,338","1,645","26,656"
2017,Delhi,SOUTH DELHI - DL3( 15-SEP-2015 ),1,LIGHT MOTOR VEHICLE,"1,498","1,400","1,861","1,505","1,290","1,810","1,530","1,220","1,571","1,793","1,621","1,519","18,618"
2017,Delhi,SOUTH DELHI - DL3( 15-SEP-2015 ),2,THREE WHEELER(T),50,60,62,28,58,42,36,72,45,50,97,60,660
2017,Delhi,SOUTH DELHI - DL3( 15-SEP-2015 ),3,TWO WHEELER(NT),"7,355","6,287","6,821","6,288","6,936","6,269","6,225","7,310","6,786","11,560","8,069","4,476","84,382"
2017,Delhi,SURAJMAL VIHAR - DL13( 26-JUN-2015 ),1,LIGHT MOTOR VEHICLE,459,576,618,421,450,641,465,533,570,605,448,448,"6,234"
2017,Delhi,SURAJMAL VIHAR - DL13( 26-JUN-2015 ),2,THREE WHEELER(T),43,55,44,65,69,46,76,57,76,62,75,47,715
2017,Delhi,SURAJMAL VIHAR - DL13( 26-JUN-2015 ),3,TWO WHEELER(NT),"1,921","1,375","2,138","2,294","2,287","2,121","1,956","2,079","2,277","3,342","1,885","1,147","24,822"
2017,Delhi,VASANT VIHAR - DL12( 01-JUN-2015 ),1,LIGHT MOTOR VEHICLE,"1,263","1,380","1,656","1,387","1,218","1,789","1,048","1,337","1,499","1,464","1,115","1,436","16,592"
2017,Delhi,VASANT VIHAR - DL12( 01-JUN-2015 ),2,THREE WHEELER(T),4,18,8,4,3,4,7,4,5,6,5,3,71
2017,Delhi,VASANT VIHAR - DL12( 01-JUN-2015 ),3,TWO WHEELER(NT),"3,151","2,141","1,179","1,538","1,832","1,666","1,351","1,588","1,278","2,288","1,298",794,"20,104"
2017,Delhi,WAZIRPUR - DL8( 17-SEP-2015 ),1,FOUR WHEELER (INVALID CARRIAGE),0,0,0,0,0,0,0,0,1,0,0,1,2
2017,Delhi,WAZIRPUR - DL8( 17-SEP-2015 ),2,LIGHT MOTOR VEHICLE,"3,140","2,849","2,639","2,723","2,457","3,246","2,699","2,173","2,662","2,866","2,519","2,556","32,529"
2017,Delhi,WAZIRPUR - DL8( 17-SEP-2015 ),3,THREE WHEELER(T),138,205,190,180,152,87,156,168,154,67,162,299,"1,958"
2017,Delhi,WAZIRPUR - DL8( 17-SEP-2015 ),4,TWO WHEELER(NT),"5,733","4,802","4,687","4,444","4,966","4,765","4,536","4,217","3,274","6,161","5,405","2,455","55,445"
2016,Delhi,BURARI AUTO UNIT - DL53( 08-APR-2016 ),1,FOUR WHEELER (INVALID CARRIAGE),0,0,0,0,0,0,0,0,1,0,0,1,2
2016,Delhi,BURARI AUTO UNIT - DL53( 08-APR-2016 ),2,LIGHT MOTOR VEHICLE,"3,140","2,849","2,639","2,723","2,457","3,246","2,699","2,173","2,662","2,866","2,519","2,556","32,529"
2016,Delhi,BURARI AUTO UNIT - DL53( 08-APR-2016 ),3,THREE WHEELER(T),138,205,190,180,152,87,156,168,154,67,162,299,"1,958"
2016,Delhi,BURARI AUTO UNIT - DL53( 08-APR-2016 ),4,TWO WHEELER(NT),"5,733","4,802","4,687","4,444","4,966","4,765","4,536","4,217","3,274","6,161","5,405","2,455","55,445"
2016,Delhi,BURARI TAXI UNIT - DL52( 08-APR-2016 ),1,FOUR WHEELER (INVALID CARRIAGE),0,0,0,0,0,0,0,0,1,0,0,1,2
2016,Delhi,BURARI TAXI UNIT - DL52( 08-APR-2016 ),2,LIGHT MOTOR VEHICLE,"3,140","2,849","2,639","2,723","2,457","3,246","2,699","2,173","2,662","2,866","2,519","2,556","32,529"
2016,Delhi,BURARI TAXI UNIT - DL52( 08-APR-2016 ),3,THREE WHEELER(T),138,205,190,180,152,87,156,168,154,67,162,299,"1,958"
2016,Delhi,BURARI TAXI UNIT - DL52( 08-APR-2016 ),4,TWO WHEELER(NT),"5,733","4,802","4,687","4,444","4,966","4,765","4,536","4,217","3,274","6,161","5,405","2,455","55,445"
2016,Delhi,DWARKA - DL9( 28-JUL-2015 ),1,LIGHT MOTOR VEHICLE,"1,076","1,375","1,352","1,289","1,230","1,144","1,304","1,114",865,"2,238",818,"1,384","15,189"
2016,Delhi,DWARKA - DL9( 28-JUL-2015 ),2,THREE WHEELER(T),63,89,265,137,114,160,159,200,143,229,184,219,"1,962"
2016,Delhi,DWARKA - DL9( 28-JUL-2015 ),3,TWO WHEELER(NT),"3,896","3,464","3,114","3,954","3,798","3,550","3,540","2,683","4,145","5,549","5,839","2,010","45,542"
2016,Delhi,I P ESTATE - DL2( 01-JUN-2015 ),1,LIGHT MOTOR VEHICLE,"1,198","1,287","1,464","1,196","1,524","1,166","1,465","1,262",903,"1,907","1,223","1,315","15,910"
2016,Delhi,I P ESTATE - DL2( 01-JUN-2015 ),2,THREE WHEELER(NT),0,0,0,0,0,0,0,0,0,0,2,0,2
2016,Delhi,I P ESTATE - DL2( 01-JUN-2015 ),3,THREE WHEELER(T),4,6,4,3,4,3,1,3,4,6,1,1,40
2016,Delhi,I P ESTATE - DL2( 01-JUN-2015 ),4,TWO WHEELER(NT),"1,331",737,933,"1,303","1,526","1,510","1,581","1,250","1,058","1,345","1,500",770,"14,844"
2016,Delhi,JANAKPURI - DL4( 24-JUL-2015 ),1,LIGHT MOTOR VEHICLE,602,699,713,602,601,616,566,511,340,968,455,804,"7,477"
2016,Delhi,JANAKPURI - DL4( 24-JUL-2015 ),2,THREE WHEELER(T),92,141,274,169,169,233,210,195,180,335,196,231,"2,425"
2016,Delhi,JANAKPURI - DL4( 24-JUL-2015 ),3,TWO WHEELER(NT),"2,247","1,835","1,851","2,498","2,534","2,530","2,365","3,087","1,930","4,395","4,183","1,609","31,064"
2016,Delhi,LONI ROAD - DL5( 09-SEP-2015 ),1,LIGHT MOTOR VEHICLE,442,353,357,426,482,442,485,416,328,778,537,629,"5,675"
2016,Delhi,LONI ROAD - DL5( 09-SEP-2015 ),2,THREE WHEELER(T),186,228,507,256,280,391,314,367,274,535,241,264,"3,843"
2016,Delhi,LONI ROAD - DL5( 09-SEP-2015 ),3,TWO WHEELER(NT),"6,080","5,382","5,037","5,882","5,118","4,463","5,015","4,768","3,728","7,543","7,054","2,694","62,764"
2016,Delhi,MALL ROAD - DL1( 12-OCT-2015 ),1,FOUR WHEELER (INVALID CARRIAGE),7,5,10,2,2,1,2,4,5,12,5,5,60
2016,Delhi,MALL ROAD - DL1( 12-OCT-2015 ),2,LIGHT MOTOR VEHICLE,"2,649","2,879","3,033","2,667","3,311","2,599","2,518","2,587","2,285","3,183","1,830","2,134","31,675"
2016,Delhi,MALL ROAD - DL1( 12-OCT-2015 ),3,LIGHT PASSENGER VEHICLE,1,0,1,0,1,1,1,0,0,0,0,0,5
2016,Delhi,MALL ROAD - DL1( 12-OCT-2015 ),4,MEDIUM MOTOR VEHICLE,3,2,1,0,3,4,3,2,1,0,1,0,20
2016,Delhi,MALL ROAD - DL1( 12-OCT-2015 ),5,THREE WHEELER(T),106,109,229,116,138,154,160,230,144,223,188,144,"1,941"
2016,Delhi,MALL ROAD - DL1( 12-OCT-2015 ),6,TWO WHEELER (INVALID CARRIAGE),2,2,0,3,4,2,0,0,1,6,2,2,24
2016,Delhi,MALL ROAD - DL1( 12-OCT-2015 ),7,TWO WHEELER(NT),"2,124","2,417","1,691","1,419","1,817","1,765","1,923","1,938","1,931","2,909","2,791","1,250","23,975"
2016,Delhi,MAYUR VIHAR  - DL7( 29-JUN-2015 ),1,LIGHT MOTOR VEHICLE,333,389,510,334,307,341,331,371,139,542,218,297,"4,112"
2016,Delhi,MAYUR VIHAR  - DL7( 29-JUN-2015 ),2,THREE WHEELER(T),33,35,77,47,67,42,62,46,41,83,26,19,578
2016,Delhi,MAYUR VIHAR  - DL7( 29-JUN-2015 ),3,TWO WHEELER(NT),"2,192","2,193","2,225","2,701","2,407","2,215","2,469","2,286","1,748","3,521","3,026","1,327","28,310"
2016,Delhi,RAJOURI GARDEN - DL10( 12-AUG-2015 ),1,LIGHT MOTOR VEHICLE,834,989,907,855,978,"1,015","1,057","1,143",771,"1,708",863,"1,010","12,130"
2016,Delhi,RAJOURI GARDEN - DL10( 12-AUG-2015 ),2,THREE WHEELER(T),78,116,178,57,78,103,99,89,64,143,75,79,"1,159"
2016,Delhi,RAJOURI GARDEN - DL10( 12-AUG-2015 ),3,TWO WHEELER(NT),"1,444","1,275","1,113","1,536","1,395","1,332","1,389","1,377","1,017","1,837","1,210",780,"15,705"
2016,Delhi,RAJPUR ROAD/VIU BURARI - DL51( 08-APR-2016 ),1,HEAVY GOODS VEHICLE,0,0,1,0,19,23,36,21,10,11,3,24,148
2016,Delhi,RAJPUR ROAD/VIU BURARI - DL51( 08-APR-2016 ),2,HEAVY PASSENGER VEHICLE,12,34,87,40,35,53,116,120,56,96,66,58,773
2016,Delhi,RAJPUR ROAD/VIU BURARI - DL51( 08-APR-2016 ),3,LIGHT GOODS VEHICLE,832,868,887,725,981,883,786,839,"1,025","1,193",915,531,"10,465"
2016,Delhi,RAJPUR ROAD/VIU BURARI - DL51( 08-APR-2016 ),4,LIGHT PASSENGER VEHICLE,73,45,231,66,103,94,136,86,44,41,33,40,992
2016,Delhi,RAJPUR ROAD/VIU BURARI - DL51( 08-APR-2016 ),5,MEDIUM GOODS VEHICLE,0,2,4,5,181,32,19,13,11,34,13,21,335
2016,Delhi,RAJPUR ROAD/VIU BURARI - DL51( 08-APR-2016 ),6,MEDIUM PASSENGER VEHICLE,0,7,6,8,0,0,0,0,0,0,0,6,27
2016,Delhi,RAJPUR ROAD/VIU BURARI - DL51( 08-APR-2016 ),7,THREE WHEELER(T),286,272,511,201,326,332,286,323,372,504,238,156,"3,807"
2016,Delhi,ROHINI - DL11( 14-AUG-2015 ),1,LIGHT MOTOR VEHICLE,68,96,99,125,156,91,91,113,99,113,110,66,"1,227"
2016,Delhi,ROHINI - DL11( 14-AUG-2015 ),2,THREE WHEELER(T),259,349,525,255,369,444,401,538,431,635,381,331,"4,918"
2016,Delhi,ROHINI - DL11( 14-AUG-2015 ),3,TWO WHEELER(NT),"2,538","2,455","2,959","3,511","2,850","2,557","2,833","1,643","2,551","4,033","4,033","1,287","33,250"
2016,Delhi,SARAI KALE KHAN - DL6( 10-SEP-2015 ),1,FOUR WHEELER (INVALID CARRIAGE),0,0,0,0,0,0,0,0,0,1,0,0,1
2016,Delhi,SARAI KALE KHAN - DL6( 10-SEP-2015 ),2,LIGHT MOTOR VEHICLE,379,178,269,436,320,297,432,410,278,779,297,686,"4,761"
2016,Delhi,SARAI KALE KHAN - DL6( 10-SEP-2015 ),3,THREE WHEELER(T),72,86,95,42,64,69,98,117,67,145,150,131,"1,136"
2016,Delhi,SARAI KALE KHAN - DL6( 10-SEP-2015 ),4,TWO WHEELER(NT),"1,647","1,596","1,439","1,960","1,934","1,739","1,435","1,623","1,334","2,666","2,042",912,"20,327"
2016,Delhi,SOUTH DELHI - DL3( 15-SEP-2015 ),1,LIGHT MOTOR VEHICLE,"1,498","1,402","1,327","1,390","1,014","1,118","1,105","1,127",831,"1,600",961,"1,306","14,679"
2016,Delhi,SOUTH DELHI - DL3( 15-SEP-2015 ),2,THREE WHEELER(T),46,68,72,32,52,47,35,53,29,47,82,63,626
2016,Delhi,SOUTH DELHI - DL3( 15-SEP-2015 ),3,TWO WHEELER(NT),"5,846","5,661","5,322","6,577","6,157","5,799","6,085","6,025","4,814","8,825","9,443","3,497","74,051"
2016,Delhi,SURAJMAL VIHAR - DL13( 26-JUN-2015 ),1,LIGHT MOTOR VEHICLE,392,533,553,477,377,366,439,409,285,657,373,487,"5,348"
2016,Delhi,SURAJMAL VIHAR - DL13( 26-JUN-2015 ),2,THREE WHEELER(T),28,27,124,47,47,74,44,49,23,65,22,48,598
2016,Delhi,SURAJMAL VIHAR - DL13( 26-JUN-2015 ),3,TWO WHEELER(NT),"1,534","1,293",851,"1,631","1,147","1,024","1,564","1,468","1,542","2,157","1,598",891,"16,700"
2016,Delhi,VASANT VIHAR - DL12( 01-JUN-2015 ),1,LIGHT MOTOR VEHICLE,989,"1,122","1,240",996,"1,117","1,024","1,138","1,134",748,"1,933",833,"1,416","13,690"
2016,Delhi,VASANT VIHAR - DL12( 01-JUN-2015 ),2,THREE WHEELER(T),4,0,14,6,1,4,3,4,5,5,3,2,51
2016,Delhi,VASANT VIHAR - DL12( 01-JUN-2015 ),3,TWO WHEELER(NT),"3,483","2,710","2,043","2,626","2,208","2,471","2,683","2,848","2,103","4,198","4,681","1,400","33,454"
2016,Delhi,WAZIRPUR - DL8( 17-SEP-2015 ),1,LIGHT MOTOR VEHICLE,"2,763","2,793","3,007","2,925","2,467","2,458","2,654","2,393","1,745","3,613","2,381","2,295","31,494"
2016,Delhi,WAZIRPUR - DL8( 17-SEP-2015 ),2,THREE WHEELER(T),104,126,250,150,197,217,264,296,181,224,141,157,"2,307"
2016,Delhi,WAZIRPUR - DL8( 17-SEP-2015 ),3,TWO WHEELER(NT),"5,100","4,440","3,860","4,996","4,833","4,491","4,834","4,556","3,302","6,732","7,571","2,506","57,221"
2015,Delhi,BURARI AUTO UNIT - DL53( 08-APR-2016 ),1,LIGHT MOTOR VEHICLE,"2,763","2,793","3,007","2,925","2,467","2,458","2,654","2,393","1,745","3,613","2,381","2,295","31,494"
2015,Delhi,BURARI AUTO UNIT - DL53( 08-APR-2016 ),2,THREE WHEELER(T),104,126,250,150,197,217,264,296,181,224,141,157,"2,307"
2015,Delhi,BURARI AUTO UNIT - DL53( 08-APR-2016 ),3,TWO WHEELER(NT),"5,100","4,440","3,860","4,996","4,833","4,491","4,834","4,556","3,302","6,732","7,571","2,506","57,221"
2015,Delhi,BURARI TAXI UNIT - DL52( 08-APR-2016 ),1,THREE WHEELER(NT),0,0,0,0,0,1,1,0,1,2,5,0,10
2015,Delhi,BURARI TAXI UNIT - DL52( 08-APR-2016 ),2,THREE WHEELER(T),"1,614","1,034","1,200",846,"1,156","2,588","2,452","1,420","1,425","1,583","1,359",852,"17,529"
2015,Delhi,DWARKA - DL9( 28-JUL-2015 ),1,LIGHT MOTOR VEHICLE,"1,513","1,082","1,253","1,543","1,369","1,747",937,976,"1,086","1,234","1,745","1,743","16,228"
2015,Delhi,DWARKA - DL9( 28-JUL-2015 ),2,THREE WHEELER(T),0,0,0,0,0,0,3,10,32,54,34,86,219
2015,Delhi,DWARKA - DL9( 28-JUL-2015 ),3,TWO WHEELER(NT),"3,128","2,654","2,909","2,865","2,963","4,372","2,636","3,622","3,594","3,821","5,582","2,344","40,490"
2015,Delhi,I P ESTATE - DL2( 01-JUN-2015 ),1,LIGHT MOTOR VEHICLE,"1,535","1,176","1,422","1,314",879,99,"1,716",692,660,"1,336","1,612","1,675","14,116"
2015,Delhi,I P ESTATE - DL2( 01-JUN-2015 ),2,THREE WHEELER(NT),0,1,2,0,2,0,0,2,0,0,0,0,7
2015,Delhi,I P ESTATE - DL2( 01-JUN-2015 ),3,THREE WHEELER(T),0,0,0,2,0,0,0,1,1,2,3,2,11
2015,Delhi,I P ESTATE - DL2( 01-JUN-2015 ),4,TWO WHEELER(NT),657,401,892,835,852,180,636,917,"1,014","1,138","2,191","1,372","11,085"
2015,Delhi,JANAKPURI - DL4( 24-JUL-2015 ),1,LIGHT MOTOR VEHICLE,"1,195",601,725,757,889,928,671,696,546,"1,071",912,950,"9,941"
2015,Delhi,JANAKPURI - DL4( 24-JUL-2015 ),2,THREE WHEELER(T),0,0,0,0,0,0,5,89,71,54,56,74,349
2015,Delhi,JANAKPURI - DL4( 24-JUL-2015 ),3,TWO WHEELER(NT),"2,884","2,321","2,988","2,621","3,178","3,480","3,080","2,912","2,665","3,629","5,205","1,045","36,008"
2015,Delhi,LONI ROAD - DL5( 09-SEP-2015 ),1,LIGHT MOTOR VEHICLE,799,305,558,384,344,704,413,380,569,520,797,563,"6,336"
2015,Delhi,LONI ROAD - DL5( 09-SEP-2015 ),2,THREE WHEELER(NT),0,0,0,0,2,0,0,0,0,2,0,0,4
2015,Delhi,LONI ROAD - DL5( 09-SEP-2015 ),3,THREE WHEELER(T),0,0,0,3,13,0,19,22,89,68,103,200,517
2015,Delhi,LONI ROAD - DL5( 09-SEP-2015 ),4,TWO WHEELER(NT),"5,823","4,670","5,353","4,809","5,452","5,814","5,147","5,255","4,287","4,669","7,954","2,790","62,023"
2015,Delhi,MALL ROAD - DL1( 12-OCT-2015 ),1,FOUR WHEELER (INVALID CARRIAGE),0,1,1,0,2,2,0,2,0,0,9,8,25
2015,Delhi,MALL ROAD - DL1( 12-OCT-2015 ),2,HEAVY MOTOR VEHICLE,0,0,0,0,0,0,0,0,0,0,0,1,1
2015,Delhi,MALL ROAD - DL1( 12-OCT-2015 ),3,LIGHT MOTOR VEHICLE,"1,450","1,051","1,406","1,463","1,444","1,629","1,713","2,155","3,186","2,106","2,201","2,438","22,242"
2015,Delhi,MALL ROAD - DL1( 12-OCT-2015 ),4,LIGHT PASSENGER VEHICLE,1,0,0,2,0,0,1,0,0,1,0,1,6
2015,Delhi,MALL ROAD - DL1( 12-OCT-2015 ),5,MEDIUM MOTOR VEHICLE,0,0,0,0,0,0,0,0,0,0,2,3,5
2015,Delhi,MALL ROAD - DL1( 12-OCT-2015 ),6,THREE WHEELER(T),0,0,0,0,0,0,5,51,70,99,128,111,464
2015,Delhi,MALL ROAD - DL1( 12-OCT-2015 ),7,TWO WHEELER (INVALID CARRIAGE),0,0,0,0,0,0,0,0,0,0,0,2,2
2015,Delhi,MALL ROAD - DL1( 12-OCT-2015 ),8,TWO WHEELER(NT),"1,384",977,"1,192","1,261","1,019","1,855","2,118","2,380","2,308","1,556","2,314","1,256","19,620"
2015,Delhi,MAYUR VIHAR  - DL7( 29-JUN-2015 ),1,LIGHT MOTOR VEHICLE,607,410,402,531,474,549,467,395,372,460,502,509,"5,678"
2015,Delhi,MAYUR VIHAR  - DL7( 29-JUN-2015 ),2,THREE WHEELER(T),0,0,0,0,0,0,0,4,4,24,20,27,79
2015,Delhi,MAYUR VIHAR  - DL7( 29-JUN-2015 ),3,TWO WHEELER(NT),"2,388","2,051","2,419","1,868","1,958","3,292","2,539","2,531","2,252","2,489","3,841","1,371","28,999"
2015,Delhi,RAJOURI GARDEN - DL10( 12-AUG-2015 ),1,LIGHT MOTOR VEHICLE,"1,428",898,"1,114","1,179","1,074","1,069",947,757,756,"1,097","1,208","1,039","12,566"
2015,Delhi,RAJOURI GARDEN - DL10( 12-AUG-2015 ),2,THREE WHEELER(T),0,0,0,1,4,0,16,68,54,69,41,72,325
2015,Delhi,RAJOURI GARDEN - DL10( 12-AUG-2015 ),3,TWO WHEELER(NT),"1,457",948,"1,346","1,466","1,348","1,468","1,399","1,321","1,660","1,687","2,776",704,"17,580"
2015,Delhi,RAJPUR ROAD/VIU BURARI - DL51( 08-APR-2016 ),1,HEAVY GOODS VEHICLE,181,119,128,129,173,183,198,182,244,208,178,49,"1,972"
2015,Delhi,RAJPUR ROAD/VIU BURARI - DL51( 08-APR-2016 ),2,HEAVY MOTOR VEHICLE,0,0,0,0,1,3,0,0,0,0,0,0,4
2015,Delhi,RAJPUR ROAD/VIU BURARI - DL51( 08-APR-2016 ),3,HEAVY PASSENGER VEHICLE,94,52,82,29,93,84,127,41,8,8,13,5,636
2015,Delhi,RAJPUR ROAD/VIU BURARI - DL51( 08-APR-2016 ),4,LIGHT GOODS VEHICLE,"1,213",850,883,956,989,853,869,833,924,922,880,635,"10,807"
2015,Delhi,RAJPUR ROAD/VIU BURARI - DL51( 08-APR-2016 ),5,LIGHT PASSENGER VEHICLE,65,54,81,54,113,101,141,60,41,38,87,55,890
2015,Delhi,RAJPUR ROAD/VIU BURARI - DL51( 08-APR-2016 ),6,MEDIUM GOODS VEHICLE,23,18,24,50,40,53,36,39,43,39,28,15,408
2015,Delhi,RAJPUR ROAD/VIU BURARI - DL51( 08-APR-2016 ),7,MEDIUM PASSENGER VEHICLE,22,15,15,0,0,0,27,2,0,0,0,0,81
2015,Delhi,RAJPUR ROAD/VIU BURARI - DL51( 08-APR-2016 ),8,THREE WHEELER(T),327,218,219,207,149,178,177,218,247,191,224,199,"2,554"
2015,Delhi,ROHINI - DL11( 14-AUG-2015 ),1,LIGHT MOTOR VEHICLE,100,81,73,167,206,222,83,49,64,94,130,103,"1,372"
2015,Delhi,ROHINI - DL11( 14-AUG-2015 ),2,THREE WHEELER(T),0,0,0,0,0,0,17,60,133,120,177,239,746
2015,Delhi,ROHINI - DL11( 14-AUG-2015 ),3,TWO WHEELER(NT),"1,942","1,520","1,405","1,598","1,707","2,692","2,119","1,841","2,120","1,797","3,943","2,094","24,778"
2015,Delhi,SARAI KALE KHAN - DL6( 10-SEP-2015 ),1,LIGHT MOTOR VEHICLE,615,495,507,546,437,552,435,440,287,287,379,365,"5,345"
2015,Delhi,SARAI KALE KHAN - DL6( 10-SEP-2015 ),2,THREE WHEELER(T),0,0,0,0,0,0,12,50,57,60,54,63,296
2015,Delhi,SARAI KALE KHAN - DL6( 10-SEP-2015 ),3,TWO WHEELER(NT),"2,304","1,703","2,083","1,665","1,450","2,869","2,061","1,839","2,002","2,070","2,725",776,"23,547"
2015,Delhi,SOUTH DELHI - DL3( 15-SEP-2015 ),1,FOUR WHEELER (INVALID CARRIAGE),1,0,1,0,1,0,0,0,0,0,0,1,4
2015,Delhi,SOUTH DELHI - DL3( 15-SEP-2015 ),2,LIGHT MOTOR VEHICLE,"2,250","1,231","1,655","1,702","1,859","2,396","1,734","1,592","1,446","1,462","1,868","1,562","20,757"
2015,Delhi,SOUTH DELHI - DL3( 15-SEP-2015 ),3,THREE WHEELER(T),0,0,0,0,1,0,4,14,21,28,35,39,142
2015,Delhi,SOUTH DELHI - DL3( 15-SEP-2015 ),4,TWO WHEELER(NT),"6,219","4,961","5,880","5,813","5,195","7,067","6,435","6,935","5,765","6,342","8,792","4,056","73,460"
2015,Delhi,SURAJMAL VIHAR - DL13( 26-JUN-2015 ),1,LIGHT MOTOR VEHICLE,576,536,567,509,538,470,433,392,464,436,511,529,"5,961"
2015,Delhi,SURAJMAL VIHAR - DL13( 26-JUN-2015 ),2,THREE WHEELER(T),0,0,0,0,0,0,3,11,14,12,15,38,93
2015,Delhi,SURAJMAL VIHAR - DL13( 26-JUN-2015 ),3,TWO WHEELER(NT),"1,070",770,695,855,824,"1,059","1,166",740,"1,597","1,772","2,432",747,"13,727"
2015,Delhi,VASANT VIHAR - DL12( 01-JUN-2015 ),1,LIGHT MOTOR VEHICLE,576,536,567,509,538,470,433,392,464,436,511,529,"5,961"
2015,Delhi,VASANT VIHAR - DL12( 01-JUN-2015 ),2,THREE WHEELER(T),0,0,0,0,0,0,3,11,14,12,15,38,93
2015,Delhi,VASANT VIHAR - DL12( 01-JUN-2015 ),3,TWO WHEELER(NT),"1,070",770,695,855,824,"1,059","1,166",740,"1,597","1,772","2,432",747,"13,727"
2015,Delhi,VISHWAS NAGAR FITNESS CENTER - DL203( 18-JAN-2017 ),1,LIGHT MOTOR VEHICLE,576,536,567,509,538,470,433,392,464,436,511,529,"5,961"
2015,Delhi,VISHWAS NAGAR FITNESS CENTER - DL203( 18-JAN-2017 ),2,THREE WHEELER(T),0,0,0,0,0,0,3,11,14,12,15,38,93
2015,Delhi,VISHWAS NAGAR FITNESS CENTER - DL203( 18-JAN-2017 ),3,TWO WHEELER(NT),"1,070",770,695,855,824,"1,059","1,166",740,"1,597","1,772","2,432",747,"13,727"
2015,Delhi,WAZIRPUR - DL8( 17-SEP-2015 ),1,LIGHT MOTOR VEHICLE,576,536,567,509,538,470,433,392,464,436,511,529,"5,961"
2015,Delhi,WAZIRPUR - DL8( 17-SEP-2015 ),2,THREE WHEELER(T),0,0,0,0,0,0,3,11,14,12,15,38,93
2015,Delhi,WAZIRPUR - DL8( 17-SEP-2015 ),3,TWO WHEELER(NT),"1,070",770,695,855,824,"1,059","1,166",740,"1,597","1,772","2,432",747,"13,727"
2014,Delhi,BURARI AUTO UNIT - DL53( 08-APR-2016 ),1,LIGHT MOTOR VEHICLE,576,536,567,509,538,470,433,392,464,436,511,529,"5,961"
2014,Delhi,BURARI AUTO UNIT - DL53( 08-APR-2016 ),2,THREE WHEELER(T),0,0,0,0,0,0,3,11,14,12,15,38,93
2014,Delhi,BURARI AUTO UNIT - DL53( 08-APR-2016 ),3,TWO WHEELER(NT),"1,070",770,695,855,824,"1,059","1,166",740,"1,597","1,772","2,432",747,"13,727"
2014,Delhi,BURARI TAXI UNIT - DL52( 08-APR-2016 ),1,LIGHT MOTOR VEHICLE,576,536,567,509,538,470,433,392,464,436,511,529,"5,961"
2014,Delhi,BURARI TAXI UNIT - DL52( 08-APR-2016 ),2,THREE WHEELER(T),0,0,0,0,0,0,3,11,14,12,15,38,93
2014,Delhi,BURARI TAXI UNIT - DL52( 08-APR-2016 ),3,TWO WHEELER(NT),"1,070",770,695,855,824,"1,059","1,166",740,"1,597","1,772","2,432",747,"13,727"
2014,Delhi,DWARKA - DL9( 28-JUL-2015 ),1,LIGHT MOTOR VEHICLE,576,536,567,509,538,470,433,392,464,436,511,529,"5,961"
2014,Delhi,DWARKA - DL9( 28-JUL-2015 ),2,THREE WHEELER(T),0,0,0,0,0,0,3,11,14,12,15,38,93
2014,Delhi,DWARKA - DL9( 28-JUL-2015 ),3,TWO WHEELER(NT),"1,070",770,695,855,824,"1,059","1,166",740,"1,597","1,772","2,432",747,"13,727"
2014,Delhi,I P ESTATE - DL2( 01-JUN-2015 ),1,LIGHT MOTOR VEHICLE,576,536,567,509,538,470,433,392,464,436,511,529,"5,961"
2014,Delhi,I P ESTATE - DL2( 01-JUN-2015 ),2,THREE WHEELER(T),0,0,0,0,0,0,3,11,14,12,15,38,93
2014,Delhi,I P ESTATE - DL2( 01-JUN-2015 ),3,TWO WHEELER(NT),"1,070",770,695,855,824,"1,059","1,166",740,"1,597","1,772","2,432",747,"13,727"
2014,Delhi,JANAKPURI - DL4( 24-JUL-2015 ),1,LIGHT MOTOR VEHICLE,576,536,567,509,538,470,433,392,464,436,511,529,"5,961"
2014,Delhi,JANAKPURI - DL4( 24-JUL-2015 ),2,THREE WHEELER(T),0,0,0,0,0,0,3,11,14,12,15,38,93
2014,Delhi,JANAKPURI - DL4( 24-JUL-2015 ),3,TWO WHEELER(NT),"1,070",770,695,855,824,"1,059","1,166",740,"1,597","1,772","2,432",747,"13,727"
2014,Delhi,JHULJHULI FITNESS CENTER - DL207( 19-JUN-2017 ),1,LIGHT MOTOR VEHICLE,576,536,567,509,538,470,433,392,464,436,511,529,"5,961"
2014,Delhi,JHULJHULI FITNESS CENTER - DL207( 19-JUN-2017 ),2,THREE WHEELER(T),0,0,0,0,0,0,3,11,14,12,15,38,93
2014,Delhi,JHULJHULI FITNESS CENTER - DL207( 19-JUN-2017 ),3,TWO WHEELER(NT),"1,070",770,695,855,824,"1,059","1,166",740,"1,597","1,772","2,432",747,"13,727"
2014,Delhi,KAIR CLUSTER BUS FITNESS CENTER - DL205( 18-JAN-2017 ),1,LIGHT MOTOR VEHICLE,576,536,567,509,538,470,433,392,464,436,511,529,"5,961"
2014,Delhi,KAIR CLUSTER BUS FITNESS CENTER - DL205( 18-JAN-2017 ),2,THREE WHEELER(T),0,0,0,0,0,0,3,11,14,12,15,38,93
2014,Delhi,KAIR CLUSTER BUS FITNESS CENTER - DL205( 18-JAN-2017 ),3,TWO WHEELER(NT),"1,070",770,695,855,824,"1,059","1,166",740,"1,597","1,772","2,432",747,"13,727"
2014,Delhi,KUSHAKNALA CLUSTER BUS FITNESS CENTER - DL206( 18-JAN-2017 ),1,LIGHT MOTOR VEHICLE,576,536,567,509,538,470,433,392,464,436,511,529,"5,961"
2014,Delhi,KUSHAKNALA CLUSTER BUS FITNESS CENTER - DL206( 18-JAN-2017 ),2,THREE WHEELER(T),0,0,0,0,0,0,3,11,14,12,15,38,93
2014,Delhi,KUSHAKNALA CLUSTER BUS FITNESS CENTER - DL206( 18-JAN-2017 ),3,TWO WHEELER(NT),"1,070",770,695,855,824,"1,059","1,166",740,"1,597","1,772","2,432",747,"13,727"
2014,Delhi,LADO SARAI FITNESS CENTER - DL201( 18-JAN-2017 ),1,LIGHT MOTOR VEHICLE,576,536,567,509,538,470,433,392,464,436,511,529,"5,961"
2014,Delhi,LADO SARAI FITNESS CENTER - DL201( 18-JAN-2017 ),2,THREE WHEELER(T),0,0,0,0,0,0,3,11,14,12,15,38,93
2014,Delhi,LADO SARAI FITNESS CENTER - DL201( 18-JAN-2017 ),3,TWO WHEELER(NT),"1,070",770,695,855,824,"1,059","1,166",740,"1,597","1,772","2,432",747,"13,727"
2014,Delhi,LONI ROAD - DL5( 09-SEP-2015 ),1,LIGHT MOTOR VEHICLE,576,536,567,509,538,470,433,392,464,436,511,529,"5,961"
2014,Delhi,LONI ROAD - DL5( 09-SEP-2015 ),2,THREE WHEELER(T),0,0,0,0,0,0,3,11,14,12,15,38,93
2014,Delhi,LONI ROAD - DL5( 09-SEP-2015 ),3,TWO WHEELER(NT),"1,070",770,695,855,824,"1,059","1,166",740,"1,597","1,772","2,432",747,"13,727"
2014,Delhi,MALL ROAD - DL1( 12-OCT-2015 ),1,LIGHT MOTOR VEHICLE,576,536,567,509,538,470,433,392,464,436,511,529,"5,961"
2014,Delhi,MALL ROAD - DL1( 12-OCT-2015 ),2,THREE WHEELER(T),0,0,0,0,0,0,3,11,14,12,15,38,93
2014,Delhi,MALL ROAD - DL1( 12-OCT-2015 ),3,TWO WHEELER(NT),"1,070",770,695,855,824,"1,059","1,166",740,"1,597","1,772","2,432",747,"13,727"
2014,Delhi,MAYUR VIHAR  - DL7( 29-JUN-2015 ),1,LIGHT MOTOR VEHICLE,939,542,490,605,648,607,489,417,393,520,494,417,"6,561"
2014,Delhi,MAYUR VIHAR  - DL7( 29-JUN-2015 ),2,TWO WHEELER(NT),"2,378","1,872","1,988","2,430","2,222","1,862","2,316","2,550","2,068","3,158","3,364","1,546","27,754"
2014,Delhi,RAJOURI GARDEN - DL10( 12-AUG-2015 ),1,LIGHT MOTOR VEHICLE,"1,096",790,833,"1,032",961,"1,070","1,008",945,804,"1,072",772,932,"11,315"
2014,Delhi,RAJOURI GARDEN - DL10( 12-AUG-2015 ),2,TWO WHEELER(NT),"1,354","1,242","1,022","1,097",665,788,846,"1,196",942,"1,436","1,464",838,"12,890"
2014,Delhi,RAJPUR ROAD/VIU BURARI - DL51( 08-APR-2016 ),1,HEAVY GOODS VEHICLE,67,48,39,70,67,64,82,103,110,94,96,94,934
2014,Delhi,RAJPUR ROAD/VIU BURARI - DL51( 08-APR-2016 ),2,HEAVY MOTOR VEHICLE,1,0,0,0,0,0,0,0,0,1,0,0,2
2014,Delhi,RAJPUR ROAD/VIU BURARI - DL51( 08-APR-2016 ),3,HEAVY PASSENGER VEHICLE,97,70,60,119,25,89,74,70,68,43,61,30,806
2014,Delhi,RAJPUR ROAD/VIU BURARI - DL51( 08-APR-2016 ),4,LIGHT GOODS VEHICLE,821,615,802,788,708,634,791,669,965,875,989,750,"9,407"
2014,Delhi,RAJPUR ROAD/VIU BURARI - DL51( 08-APR-2016 ),5,LIGHT PASSENGER VEHICLE,59,42,60,66,52,60,87,34,56,60,57,35,668
2014,Delhi,RAJPUR ROAD/VIU BURARI - DL51( 08-APR-2016 ),6,MEDIUM GOODS VEHICLE,19,16,14,21,21,17,22,16,10,27,16,8,207
2014,Delhi,RAJPUR ROAD/VIU BURARI - DL51( 08-APR-2016 ),7,MEDIUM PASSENGER VEHICLE,1,2,0,1,0,1,5,10,7,0,16,3,46
2014,Delhi,RAJPUR ROAD/VIU BURARI - DL51( 08-APR-2016 ),8,OTHER THAN MENTIONED ABOVE,0,0,0,0,0,0,0,0,0,0,0,3,3
2014,Delhi,RAJPUR ROAD/VIU BURARI - DL51( 08-APR-2016 ),9,THREE WHEELER(T),259,199,203,241,182,174,218,224,224,265,212,144,"2,545"
2014,Delhi,ROHINI - DL11( 14-AUG-2015 ),1,LIGHT MOTOR VEHICLE,109,96,114,151,149,113,126,112,62,45,102,85,"1,264"
2014,Delhi,ROHINI - DL11( 14-AUG-2015 ),2,TWO WHEELER(NT),"2,103","1,469","1,559","1,852","1,713","1,642","1,759","1,923","1,518","2,576","1,879","1,116","21,109"
2014,Delhi,SARAI KALE KHAN - DL6( 10-SEP-2015 ),1,LIGHT MOTOR VEHICLE,769,675,642,567,598,556,606,545,496,517,363,524,"6,858"
2014,Delhi,SARAI KALE KHAN - DL6( 10-SEP-2015 ),2,TWO WHEELER(NT),"1,898","1,653","1,768","1,848","1,813","1,473","1,884","1,776","1,979","2,619","2,387","1,309","22,407"
2014,Delhi,SOUTH DELHI - DL3( 15-SEP-2015 ),1,LIGHT MOTOR VEHICLE,"2,017","1,440","1,536","1,714","1,624","1,685","2,064","1,479","1,478","1,833","1,403","1,657","19,930"
2014,Delhi,SOUTH DELHI - DL3( 15-SEP-2015 ),2,TWO WHEELER(NT),"5,738","4,756","4,840","5,163","5,419","4,847","5,678","5,567","5,353","6,912","7,646","3,411","65,330"
2014,Delhi,SURAJMAL VIHAR - DL13( 26-JUN-2015 ),1,LIGHT MOTOR VEHICLE,544,425,492,584,545,484,455,445,426,500,518,446,"5,864"
2014,Delhi,SURAJMAL VIHAR - DL13( 26-JUN-2015 ),2,TWO WHEELER(NT),"3,278","2,573","2,087","2,424","1,745","2,169","2,137","1,412","1,629","1,722",722,395,"22,293"
2014,Delhi,VASANT VIHAR - DL12( 01-JUN-2015 ),1,LIGHT GOODS VEHICLE,0,0,0,0,0,0,0,0,0,1,0,0,1
2014,Delhi,VASANT VIHAR - DL12( 01-JUN-2015 ),2,LIGHT MOTOR VEHICLE,"1,050",756,761,"1,106",932,803,889,864,810,"1,079",773,"1,124","10,947"
2014,Delhi,VASANT VIHAR - DL12( 01-JUN-2015 ),3,TWO WHEELER(NT),966,720,775,806,736,729,968,"1,163","1,094","2,149","1,583",993,"12,682"
2014,Delhi,WAZIRPUR - DL8( 17-SEP-2015 ),1,LIGHT MOTOR VEHICLE,"2,427","1,751","1,712","2,190","2,300","2,043","2,204","1,813","1,768","2,040","2,075","2,300","24,623"
2014,Delhi,WAZIRPUR - DL8( 17-SEP-2015 ),2,TWO WHEELER(NT),"3,642","3,095","3,229","3,592","3,504","4,179","3,864","3,629","3,215","4,679","4,855","2,414","43,897"
